Confidential Terms,Payment Terms,Disclaimers,Warranties,Dispute Resolution Terms,Force Majeure
Private,Sale,Income,Warranty,Dispute,Force majeure
Secret,Vendor,Loss,Defects warranty,Governing law,Circumstance
Confidential information,Pay,Revenue,Deliverables warranty,Jurisdiction,Beyond
Provision,Payment,Termination ,Claim,Dispute Notice,Flood
Confidentiality ,Discount,Liquidation,Customer warranty,Dispute resolution,Drought
Obligation,Consumer,Disclaimer,Implied warranty,Resolve,Earthquake 
Disclose,Wholesaler,Indemnity,Promise,Clause,Disaster
Confidentiality exception,Cash,Compensation,,Court,Terrorist attack
Disclosure,Credit,,,,Civil war
Security,Bill,,,,
Restriction,Coupon,,,,
Penalty,Payment method ,,,,
Remedy,Trade,,,,
,Rebate,,,,