,edge,source,target
0,Transfer,Musclepharm,Any
1,Prepared By,Who,Herein  Musclepharm
2,Assign To,Company,Copyright
3,Owned By,Such  Right,Intellectual  Property
4,Agree,Conformi,Such  Assignment
5,Assign,It,Reasonable  Assistance
6,Own,Reed‚Äô,Exclusively  Deliverables.Ompany
7,Inform,Distributor,Promptly  Erchonia
8,Deemed,Franchisee,Such  Registration
9,Execute,Franchisee,Such  Right
10,Vest In,Ownership,Right
11,Execute Intellectual,Other Ancillary Party,Intellectual Property Assignment
12,Shall,Other Ancillary Party,Intellectual Property Assignment
13,Own,Investor,All  Right
14,Assign,University,Ind
15,Agree,Permitted  Use,2.5 Village Media
16,Assign,Vyera,Hereby  All
17,Deemed,Vyera,Right
18,Assign,Vendor,All  Right
19,Acknowledge,Manufacturer,Right
20,Acknowledge,Customer,Right
21,Include Existing,Such  Assignment,Existing Intellectual Property Right
22,Deemed,Comparable  They,Thereof ‚ Äúwork
23,Agree,Party,Right
24,Own,Dovum,All  Right
25,Vest,Valeant,Hereby  Right
26,Appointed,Manufacturer,Copyright Holder
27,Assign,Licensee,Right
28,Assign,Licensee,Hereby  Right
29,Deemed,All  Right,Work
30,Take,Party,Ownership Right
31,Own,Ebix,All  Right
32,Transfer,Centive,All
33,Register,Verticalnet,Domain Name
34,Register,Verticalnet,Domain Name
35,Owned By,That,Highest  Amount
36,Owned,Network Affiliate,Therein  Right
37,Assign To,Xencor,Such Promotional Material
38,Deemed,Developer,‚ Äúwork
39,Transfer,Bioeq,Applicable Regulatory Approval
40,Have,Licensee,Sole  Right
41,Notify,Licensee,Competent Regulatory Authority
42,Provided,Physical Day Time Transfer,]
43,Acknowledge,Developer,Expressly  Right
44,Assign,Developer,Right
45,Assign,Lea,Document
46,Agreed,It,Jointly Amorphous Alloy Technology
47,Deliver To,Sfj,True  Copy
48,Acknowledge,65  66)Sfj,Sole  Ownership
49,Is Necessary,11.1.1.2(A).Sfj,Sole  Ownership
50,Assign,Other Permitted Third Party,Right
51,Cause,Sfj,Right
52,Made Under,Sfj,Action
53,Agree,Revmed,Clinical Trial
54,Transfer,Sanofi,Business Entity Name
55,Elect,Äúabandoned Joint Sekisui,Such Abandoned Joint Ip
56,Agree,Pacificap Entertainment,Promotional Stock Footage Poster
57,Notify,Party B,Party A
58,Take,So  Distributor,Reasonable  Action
59,Agree,Arizona,Entire  Right
60,Acknowledge,Collectively Äúfox Intellectual Property‚Äù).Licensee,Intellectual Property Right
61,Agree,Licensee,One Copyright Assignment
62,Obtain From Such,Licensee,Written  Assignment
63,Assign To,Licensee,Right
64,Transfer,Licensee,Moral That
65,Deemed,Herein  Result,‚ Äúwork
66,Assigned To,Material,Document
67,Do,You,Written  Approval
68,Assign To,Exclusive  You,Right
69,Agree,You,That
70,I,Exclusive  We,Exclusive  License
71,Own,Client,Content
72,Assigns To,Content(‚Äúderivative  Ef,Modification
73,Assign,Ef,Authorized Modification
74,Deemed,Client,Interest  Right
75,Assign,Ef,Hereby  Transfer
76,Assign,Permissible  Developer,Copyright
77,Grants To,Developer,Software
78,Agree,Collectively  111Nventions‚Äù).Consultant,Service
79,Agree,Consultant,Consultant‚Äôs Signature
80,Disclose Such,Consultant,Such Work Product
81,Acknowledge,Other  Instruments).Consultant,‚ Äúwork
82,Agree,Furthermore  Consultant,Written  Instrument
83,Apply To,Consultant,That
84,Agree,Consultant,Service
85,Agree,Consultant,Written  Disclosure
86,Agree,Consultant,Company
87,Agree,Consultant,Consultant‚Äô
88,Assign,Ip‚Äù ‚ Consultant,Right
89,Assist,Consultant,Aduro
90,Assigns To,Consultant,Invention
91,Execute Such,Consultant,Further  Assignment
92,Disclose To,Consultant,Invention
93,Assist,Consultant,Company
94,Assigns To,Franchisee,Suchpromotionalallowancesfor Remission
95,Assign,Ip‚Äù ‚ Consultant,Right
96,Assist,Consultant,Aduro
97,Vest In,Ownership,Right
98,Determine,I,Such  Ownership
99,Take Such,You,Such  Action
100,Provide,Ximage,Thefollowing
101,Constitute,Agreement,Irrevocable  Assignment
102,Omitted,<,Work
103,Agree,Particular  Company,Proprietary  Work
104,Assigns To,Executive,Entire  Right
105,Assign,You,All
106,To,Company Ip,All  Right
107,Assigns To,Ivillage,Intellectual  Right
108,Assume,Ibm,Ownership
109,Own,Bank,All  Right
110,Own,Bank,Exclusively Work Product
111,Assign,Philip,Right  Title
112,B,That  Macrogenic,Datum
113,Mean,12.3 ‚ Äúintellectual Property‚Äù,Patent
114,Will,Ginkgo,One
115,Shall,Bli,Patent Application
116,Assign,Bli,One
117,Acknowledged,Event,Service
118,Agree,Bii¬†(On¬†Behalf,Right  Title
119,Agree,Xencor,Right  Title
120,Provide Reasonable,Xencor,Reasonable  Assistance
121,Assign To,Intellectual Property Company,Such  Right
122,Doe,Turpin,Herebyassign
123,Agree,Turpin,Currentrecordsrelating
124,Assist With,Turpin,Transfersandassignmentsand  Otherthing
125,Cause,Applicable  Member,Such Spinco Designee
126,Use,Each,Reasonable  Effort
127,Continue,Applicable  Member,Required  Consent
128,Assign,Otherwise  Parent,Unreleased Spinco Ip Liability
129,Agree,Spinco,42Nd  Edition
130,Acknowledge,You,System
131,Acknowledge,You,Such  Information
132,Acknowledge,You,That
133,Assign To,You,Right
134,Cooperate As Necessary,Otherwise  Gsk,Necessary  Theravance
135,Assign To,Fmi,Right
136,Acquire Sole,Case,Sole  Title
137,Transfer To,Dialog,Tooling
138,Undertake,Which,Own  Share
139,Assigns To,Kiromic,Right
140,Acknowledge,Rubicon,Intellectual Property
141,Assign To,Consultants Andagent,‚ Äúwork
142,Be,Possible  Innovation,Service
143,Transfer,Consultant,Work Right
144,Assist,Consultant,Document
145,Appoint,Consultant,Hereby  Officer
146,Make Full,Md Anderson,Written  Disclosure
147,Acknowledge,Md Anderson,Such  Invention
148,Assign,Md Anderson,Hereby  Transfer
149,Acquire,Agent,Right
150,Assigns To,V,Right
151,Assigns To,Ppd,Right
152,Cease,Lead  Scaffold,Section
153,Deemed,Anixa,Annual  Fee
154,Own,Ontochem,Compound Library
155,Owned By,However  Astella,Invention
156,Take,So  Astella,Reasonable  Action
157,Acknowledge,Party,Right
158,Made,Party,Part
159,Made,Case  Party,Part
160,Remain,Right  Interest,Tothe  Foregoing
161,Agree,Arizona,Entire  Right
162,Any,Thereof  That,Proceeding
163,Request,Assignor,Further  Assistance
164,Provide,Assignor,Further  Assistance
165,Assigns To,Sony,Sony‚Äôs Entire Sony‚Äôs Right
166,Entered Into,Third  That,Firmware  Code
167,Assign,Hsi,All  Right
168,Own,Party A,Sole  Right
169,Assigns To,3.2 Assignor Party,All
170,Seller,Seller,Hereby  Covenant
171,Sell,Seller,Hereby  Transfer
172,Agrees To,2.1(B)(I  Seller,Other Seller Party
173,Agree,Company,Otherwise  Right
174,Agree,Company,Otherwise  Right
175,Assign,Below  Array,Right
176,Take,So  Ono,Reasonable  Action
177,Retain,Achaogen,Right
178,Retain,Microgenic,Right
179,Own,Achaogen,Discovery
180,Own,‚ Äúachaogen Inventions‚Äù).Microgenic,Invention
181,Own,Microgenic,All  Right
182,Assign,That,Reference
183,Agree,Franchisee,Additional  Document
184,Assigns To,Paragraph 5.12.The Franchisee,Such  Right
185,Grant,21  22)You,Such  Idea
186,Have,I,Right
187,Agree,You,Other  Person
188,Agree,You,That
189,Retain,One,Ownership Right
190,Have,One,Otherwise  Claim
191,Assigns To,Inktomi,[  Interest
192,Owned By,Project Which,Expressly Bachem Intellectual Property
193,Be On,Product Customization,Using  Meaning
194,Arise Through,Iac >,Further  Instrument
195,Secure,Iac,Any
196,Assign,Assignor,Hereby  Transfer
197,Transferred,Ppi,Domain Name
198,Provide,Ppi,Ekr
199,Agree,Surgical,Such  Document
200,Tobe,Reseller,Right
201,Assign,Healthgate,Present  Copyright
202,Assign,Recipient,Hereby  Right
203,Grants To,Recipient,Right
204,Agree,Recipient,Further  Documentation
205,Assign,Recipient,Hereby  Right
206,Grants To,Recipient,Right
207,Agree,Recipient,Further  Documentation
208,Provide,Such  Policy,Protection
209,Agree,Musclepharm,As Certificate
210,Be Responsible,Musclepharm,As Party
211,Be Responsible,Musclepharm,Deductible
212,False General,Party,General Liability Insurance
213,Provide,Party,Written  Proof
214,Add,Supplier,Distributor
215,Maintain,Supplier,Product Liability Insurance
216,Maintain,Franchisee,Policy
217,Is Responsible,Customer,Personal Property Insurance
218,Obtain,Artara,General Liability Insurance
219,Identify,Insurance,University Indemnitee
220,Have,University,Right
221,Include,Insurance,Coverage
222,Include,Such  Insurance,Additionally  Error
223,Made,Artara,University
224,Maintain Comprehensive,Party,General  Liability
225,Provide,Party,Certificate
226,Furnish,Company,Jhu
227,Maintain,I,Insurance Coverage
228,Require,Ii,Subcontractor
229,Provide,Vendor,Least  Thirty
230,Represent,Insurance,Coverage
231,Include,Policy,Waiver
232,Add,State Run Vendor,Gap Employers Liability
233,Assumed Under,False General Aggregate,Liability
234,Maintain,Applicable  Vendor,Products Completed Operation
235,Provide,Vendor,Copy
236,Have,Explosion,Same Limit Requirement
237,Limit For,Vendor,Property Coverage
238,Maintain,Vendor,Property Insurance
239,Maintain In,Operator,Following  Insurance
240,Agree,Customer,Specifically Insurance Coverage
241,Insured,It,Such  Insurance
242,Assumed By,Manufacturer,Such Insurance Coverage
243,Furnish To,Manufacturer,Required Insurance Coverage
244,Written For,Whichever,Herein
245,Have,Insurance Carrier,Minimum
246,Said,Insurance,Following
247,Occurrence,Jones Act,Personal Operations Coverage
248,Insurance,Non-,Vehicle
249,Carry Appropriate,Party,Commercially  Amount
250,Workers‚Äô,Xspa,Special Form Property Stock
251,Participate In,Such  Insurance,Personal Operations Coverage
252,Maintain,Xspa,Coverage
253,Provide To,Xspa,Such  Insurance
254,Provide,Certificate,Written  Notice
255,Have,Insurer,Best‚Äôs Insurance Rating
256,Provide,Each,Other  Party
257,Request,Party,Additional Insurance Coverage
258,Acknowledge,Party,General Liability Obligation
259,Each,Mmt,General Liability Insurance
260,Aggregate,Annual  Each,Other  Party
261,Maintain Such,Mmt,Such  Insurance
262,Maintain,Party,Following  Policy
263,Provide,Other  Party,Requesting  Party
264,Provide,Applicable  Party,Other  Party
265,Secure,Constellation,]
266,Provide,Constellation,Hof Entity
267,Obtain,Party,Compensation Employer‚Äôs Liability Insurance
268,Have,Sponsor,Own Liability Insurance
269,Maintain Throughout,Manufacturing Company,Product
270,Maintain,Customer,Product Liability Insurance
271,Be,Association,30 Days‚Äô Notice
272,Maintain,Party,Minimum  Type
273,Requires Alternate,Based  Coverage,Alternate Employer Endorsement
274,Have At,Insurer,Financial  Rating
275,Be,Insurance,That
276,Provide,Insuring  Party,It
277,Purchase Sufficient,Party B,Sufficient  Insurance
278,Lower Than,Party B,Purchase Injury Insurance
279,Ensure,Company,Waiver
280,Furnish To,Company,Written  Notice
281,Maintainwith,Ncm,Insurance
282,Name,Party,Other
283,Procured,Network,General Liability Insurance
284,Procure On,Additionally  Network,Network‚Äôs Media Activity
285,Secure,Bizzingo,Insurance Policy
286,Agree,Company,Comprehensive Liability Insurance
287,Be Les,Clinical Trials Insurance Coverage,Adequate  Obligation
288,Provide,Aimmune,Xencor
289,Provide,Aimmune,Xencor
290,Obtain,Developer,Insurance Coverage
291,Carry Such,Developer,Such Compensation Insurance
292,Contain,Public  Liability,Property Damage Provision
293,Provide,Policy,Franchisor
294,Procure Such,Franchisor,Such  Coverage
295,Obtain,Party,Full  Force
296,Issued By,Such  Insurance,Other  Party
297,Be,Minimum  Limit,Employee
298,Provided,Party,Employee
299,Include,General Liability Insurance,Clinical Trial Insurance
300,Provide,Other  Party,Certificate
301,Be Under,Insurance Policy,Such  Insurance
302,Obtain,Lea,Necessary  Insurance
303,Obtain,Eutectix,Insurance Meeting
304,Broad-,$  Occurrence,Independent Form Property Damage
305,Cover,Such  Insurance,Prior  Act
306,Commencing A,Below  Party,Insurance Coverage
307,Performed,Other  Following,Following  Type
308,Combined Single,Completed Aggregate,Single Personal Limit
309,Obtain Such,Pb,Such Trials Liability Insurance
310,Obtain,Who,Professional Liability Insurance
311,Include,Party,Other  Party
312,Be Responsible,Pb,Product Liability Insurance
313,Procure,Party,Insurance
314,Provide,Party,Other  Party
315,Completed,Single  Limit,‚ Operations Coverage
316,Placed With,That,A.M.Best  Rating
317,Provide,Qualigen,Sekisui
318,Agree,Party,Liability Insurance
319,Carry Reasonable,Ii,Reasonable  Amount
320,Maintain At,Distributor,Us$ 5 Million
321,Name,Distributor,Staar
322,Provide,Distributor,Staar
323,Maintain,Party,Product Liability
324,Provide,Party,Certificate
325,Procure,John‚Äô,Reasonable  Effort
326,Submit To,Fully Papa John‚Äô,Each
327,Form Exces,Comprehensive Automobile Liability,Excess Liability Insurance
328,Obtain,You,Appropriate Insurance Coverage
329,Maintain Such,You,Such  Type
330,Written By,I,Me
331,Include,Such  Policy,Following
332,Issue,Approved Insurance Company,Certificate
333,Include,Certificate,Statement
334,Supply,You,Me
335,Send,Year  You,Current  Certificate
336,Cause,You,General Liability Insurance
337,Be In,Such  Insurance,Me
338,Cause,You,Compensation
339,Maintain At,Ef,General Liability Insurance
340,Carried With,6  7)Ef,Busines
341,Include,Such  Notice,Written  Confirmation
342,Be Responsible,Party,Compensation Insurance
343,Maintain,Party,False General Liability Insurance
344,Maintain,Heritage,Insurance
345,Liability,Employer,$
346,Determined,Single  Limit,Product
347,Maintain At,Franchisee,A.M.Bestcompanyrating
348,State,That,Proof
349,Include,Such  Insurance,Joint Loss Endorsement
350,Procure At,You,Insurance You
351,Written By,Deductible  Clause,Risks Coverage Insurance
352,Agree,You,Proper  Existence
353,State,That,Prior  Notice
354,Insure,Merchant,Additional Agent Merchandise
355,Limited To Commercial,All,Public Umbrella Liability Injury
356,Deliver To,Merchant,Such Insurance Duration
357,Require,Such  Policy,Least  Thirty
358,Make,Merchant,Change
359,Name,Such  Policy,Also  Purchaser
360,Require,Such  Policy,Least  Thirty
361,Make,Merchant,Change
362,Maintain,Agent,General Liability Policy
363,Deliver To,Agent,Such Insurance Policy
364,Be Responsible,Agent,Change
365,Maintain In Full,Employee,Workers‚Äô Compensation Insurance
366,Maintain,Contractor,Workers Compensation Insurance
367,Provide,Contractor,Company
368,Is Subject,Participation,Normal Underwriting Requirement
369,Have,Company,Right
370,Obtain,Racing,Andhired Automobile Liability Vehicle
371,Provide Comprehensive,Racing,Comprehensive  Fire
372,Provide,Racing,Certificate
373,Obtain,Racing,Below:(I
374,Covering,False General Liability,Liability
375,Compensation‚Äîstatutory,Worker,Limit
376,"Liability‚Äî$5,000,000",Employer,Employee
377,Covering,False General Liability,Liability
378,Compensation‚Äîstatutory,Worker,Limit
379,"Liability‚Äî$5,000,000",Employer,Employee
380,Endorsed,Racing‚Äôs Liability Policy,- Liability Coverage
381,Provide,Racing,Sponsor
382,Provide,Certificate,Thirty Days‚Äô¬†Priorwritten Notice
383,Represent,Sponsor,Coverage Limit
384,Maintain,Insurer,Following Insurance Coverage
385,Furnish,Which,Other  Party
386,Maintain,Vendor,Insurance
387,Maintain Commercial,Vendor,General  Liability
388,Written On,Coverliability,Equivalent  Coverage
389,Maintain In,Dolphin,$  Any
390,Maintain In,Hydron,$  Any
391,Maintain,Contractor,Insurance
392,Maintain,Vip,Disaster Business Insurance
393,Maintain,Company,Products Liability Insurance
394,Are,Insurance Coverage,Best‚Äôs  Rating
395,Provide Documentary,A).The  Bsp,Documentary  Evidence
396,Maintain,Contractor,Service
397,Keep,Contractor,Policy
398,Maintain At,M&I,False General Liability Premises
399,Maintain,Metavante,Compensation
400,Cover,Such  Insurance,Prior  Act
401,Maintain,Wyzz,Cost Casualty Replacement Cost Insurance
402,Maintain,Nexstar,Casualty Replacement Insurance
403,Procure With Sound,Schoolpop,Following Insurance Compensationinsurance
404,Insured By,Insurer,Risk Insurance
405,Provide,Company,Repairer
406,"And,(Ii",Subcontractor,Products Liability Insurance
407,Maintain,Keeper Liability Repairer,One  Occurrence
408,Supply,Company,Repairer
409,At,Supplier,Continuously  Subcontractor
410,State,Certificate,Amount
411,Pay,Supplier,Any
412,Waive,Supplier,Subrogation
413,Include,Policy,Completed Operations Coverage
414,Be Responsible,Supplier,Bond Customer Coverage
415,Maintain,Cbc,13 14)Without 13 Prejudice
416,Furnish,Cbc,Mediwound Certification
417,Comply With,Philip,Required  Level
418,Maintain At,Party,Adequate  Amount
419,Increase,Party,Level
420,Provide,Party,Other  Party
421,Agree,Fcc,"$  5,000,000"
422,Obtain,Performance Insurance Policy,Necessary  Bond
423,Purchase,Party,Coverages:(A)Cargo Liability Insurance
424,Named As Anadditional,Policy,Crossliability
425,Cover,Policy,Air  Operation
426,Ofinsurance,Required Insurance Coverage,Written  Notice
427,Maintain,Party,Insurance Coverage
428,Ensure,Party,Service
429,Obtain,Party,Full  Force
430,Be Under,12.4 Insurance).The Insurance Policy,Compliance
431,Agree,Company,"$  5,000,000"
432,Agree,Company,"$  25,000,000"
433,Have,Bii,Right
434,Acquire,Joint Venture,Insurance
435,Maintain,Party,I
436,Undertake,31  Depomed,Insurance Broker
437,Provide,Party,Certificate
438,Maintain In,You,Insurance Coverage
439,Maintain,You,Insurance
440,Include,Such Insurance Coverage,General Liability Coverage
441,Have,Such  Insurance,Self  Retention
442,Maintain Such,You,Additional  Insurance
443,Increase,I,Periodically  Amount
444,Name,Insurance Policy,A  U
445,Be Primary,Which,Coverage
446,Provide,You,Me
447,Furnish,You,Me
448,Have,I,Right
449,Affected In,Maintenance,Insurance Coverage
450,Obtain Such,You,Such  Coverage
451,Obtain,Gsk,Written  Proof
452,Take,Joint Venture Company,Required  Insurance
453,Maintain,Party,Adequately Products It
454,Provide To,Party,Certificate
455,Acquire,Venture,Insurance
456,Provide Civil,Party,Civil Liability Insurance Cover
457,Carry,Company,Insurance
458,Maintain Valid,Agency,Valid  Error
459,Provide,Agency,Copy
460,Maintain,Company,Liability Liability Insurance
461,Name,Such Liability Insurance Policy,Company
462,Name,Liability Insurance Policy,Agent
463,Furnish To,Party,Certificate
464,Carry,Blue Hills Party,Insurance
465,Ha,It,Reason
466,Name,14)Such  Policy,Zanotti
467,Provide Such,Eachparty,Such  Evidence
468,Maintain In Full,Adaptimmune Limited,Annual  Aggregate
469,Provide,Adaptimmune,Md Anderson
470,Ha,Md Anderson,Financial  Obligation
471,Obtain At,Subcontractor,Insurance
472,Acknowledge,Subcontractor,Right
473,Constitute,That,Approval
474,Include,Thereof  Insurance,Coverage
475,Have,General Liability,‚ Äúper Location
476,Follow,Following Subcontractor Classification,Umbrella Excess Liability Form
477,Indemnify,5  Company,Former Hoc Director
478,Maintain,Company,Policy
479,I.,It,Still  Book
480,Maintain Comprehensive,Kallo,General  Liability
481,Have,Applicable  Company,Nominated  Tf
482,Represent,It,Vs  That
483,Maintain,Party,Liability Insurance
484,Furnish To,Party,Such  Insurance
485,Maintain,Party,Product Liability
486,Provide,Party,Certificate
487,Secure,Party,Limit
488,False General,Such  Insurance,General  Liability
489,Administer,Stw,Necessary  Insurance
490,Be Acceptable,All,Protection
491,Agree,Herc,Thc
492,Perform,Herc,Carry
493,Itcarriesgeneralliabilityinsurance Of,It,Sierra
494,Carry,Company,Reasonableamount
495,Makereasonableeffortstoprocure,Companywill,Policy
496,Agree,Party,Other
497,Obtain Comprehensive,Buyer,General Liability Coverage
498,Procure,Carrier,Liability Insurance
499,Covenant,It,Owner That
500,Agree,Diplomat,Product Liability Insurance
501,Provide,Company,Liability Insurance Advertising Injury Coverage
502,Provide,Such Insurance Policy,Such  Policy
503,Agree,Company,$ Three Million Licensor
504,Submit To,Hereof  Company,20  Day
505,Agree,Company,"$  3,000,000"
506,Maintain,Party,Liability Liability Insurance
507,Carry,Company,Insurance
508,Name,Such  Insurance,Specifically  Bp
509,Name,Such  Policy,Airsopure
510,Required From,Evidence,Statement
511,Be With,Such  Insurance,Minimum  Rating
512,Have,I,Option
513,Name,Policy,Bkc
514,Agree,You,Activity
515,Written By,I,Rating
516,Combined Single,Automobile Liability Insurance,Single  Limit
517,Insurance With,Which,Total
518,Obtain,You,Also Flood Insurance Coverage
519,Agree,You,General  Contractor
520,Days Before,You,First  Insurance
521,Name,Additional  Certificate,Above  Me
522,Include,40)Such  Interest,Right
523,Omitted,<,>
524,Purchase Such,You,Such Insurance Coverage(
525,Be In Reasonable,Deductible,Approval
526,Provide,You,Me
527,Furnish,You,Me
528,May,You,Such Insurance Coverage
529,Maintain,10.8  You,Any
530,Have,I,Right
531,Maintain,Inktomi,Insurance
532,Obtain,Party,General Liability Insurance
533,Provided In More,Claim,Form
534,Have Annual,Such  Insurance,Annual Aggregate Limit
535,Indicate,A,Prior  Notice
536,Maintain Comprehensive,Fleet,General Liability Insurance
537,Maintain Such,Party,Such  Insurance
538,Statement Of,Who,Activity
539,Have,That,Insurance Policy
540,Expire,Agreement,Active  Policy
541,At,Medica,One Insurance Policy
542,Furnish,Medica,Vapotherm
543,Written,Business Day,Prior  Notice
544,Have,Vapotherm,Right
545,Famish,Vapotherm,Medica
546,Written,Business Day,Prior  Notice
547,Maintain Statutory,Operator,Statutory Worker‚Äôs Compensation Insurance
548,Maintain Employer‚Äô,Operator,Employer‚Äôs  Liabilityinsurance
549,Maintain,Operator,Operation
550,Attempt,Operator,Indemnification  Protection
551,Require,Operator,Each
552,Require,Operator,Each
553,Maintain,Operator,Commercial Automobile Insurance Coverage
554,Maintain,Operator,Liability Insurance Coverage
555,Omitted,<,22.1.1¬†Employer‚Äôs Liability Insurance
556,Provide,Service Provider,Certificate
557,Provide,Service Provider,General Liability Insurance
558,Provide,Service Provider,Single Policy Limit
559,Provide,Service Provider,Excess Liability Insurance
560,Endorsed,It,Owner
561,Agree,Managing Group,Part
562,Provide,Sap Africa,Insurance
563,Obtain,Provider,Appropriate Liability Insurance
564,Willname,Insurance Policy,Company
565,Maintain,Operator,Following Insurance Coverage
566,Maintain Statutory,Operator,Statutory Worker‚Äôscompensation Insurance
567,Maintain Employer‚Äô,Operator,Employer‚Äôs Liability Insurance
568,Waive,Operator,Right
569,Maintain,Operator,General Liability Insurance
570,Maintain,Operator,Commercial Automobile Insurance Coverage
571,Maintain,Operator,Liability Insurance Coverage
572,Provide Primary,Policy,Primary  Coverage
573,Agree,Operator,Each
574,Maintain Full,Agent,Full  Insurance
575,Arrange,Oak Ridge,Product Liability
576,I,Such  Exception,Material Adverse Effect
577,Is In,12 13)Each Insurance Subsidiary,Business
578,Omitted,>,Property Damage
579,Maintain,Party,Nature
580,Maintained For,Such  Insurance,Availability
581,Provide To,Party,Herein
582,Represent,Broker Dealer,Andwarrant
583,Maintain,Company,Insurance
584,Insuresagainst Such,Such  Insurance,Such  Loss
585,Maintain Such,"$ 5,000,000).Each Party",Such  Insurance
586,Provide At,Sabco,Throughout---------
587,Supply,Sabco,Prolong
588,Obtain,C.  Sponsor,Following  Insurance
589,Contain,All,Cross Liability Endorsement
590,Obtain,Sponsor,Sponsor‚Äôs  Liability
591,Maintain,Sponsor,Required Workers Compensation Insurance
592,Subscribe For,Reseller,Term
593,Ensure,Reseller,Such  Insurancecoverage
594,Include,Policy,Provision
595,Maintain,Supplier,Insurance
596,Liability,Employer,"$  500,000"
597,Furnish,Supplier,Buyer
598,Said,Certificate,Supplier‚Äôs Insurance Carrier
599,Constitute,Failure,Breach
600,Provide To,Supplier,Certificate
601,Maintain,Each,Basi
602,Maintain,Each,Basi
603,Agree,Party,Other  Party
604,Agree,Party,Written  Notice
605,Use,Hereunder  Supplier,Reasonable  Effort
606,Maintain In Full,Each,General Liability Insurance Policy
607,Procure,Party,Insurance
608,Provide,Party,Other
609,Provide,Party,Other
610,Agree,Party,Indemnification Obligation
611,Agree,Netgear,Insurance Coverage
612,Include,Insurance,Compensation Insurance
613,Furnish,Netgear,Applicable  Certificate
614,Agree,Professional,Comprehensive Liability Company
615,Require,Company,Professional
616,Keep Accurate,Ma,Accurate  Record
617,Have,Thereafter  Roger,Right
618,Conduct,Prior  Audit,Balance
619,Pay,Licensor,Cost
620,Have,Party,Accounting Period Accounting Right
621,Have,As Party,Right
622,Reimburse,Musclepharm,As Party
623,Times During,Musclepharm,A
624,Have,Independent  Who,Public  Right
625,Have,Auditing Party,Right
626,Be Without,Exercise,Such  Accepting
627,Cause,Party,Audit Right
628,Permit,Party,Public Accounting Firm
629,Permit,Fce,Which
630,Cause,Fce,Documentation
631,Provide Reasonable,Distributor,Reasonable  Assistance
632,Provide,Additionally  Distributor,Jrv
633,Afford To,Distributor,Full  Acces
634,Have,Franchisor,Right
635,Be Under,Franchisee,Information
636,Provide,University,Artara
637,Provide,Cytodyn,Vyera
638,Be Available,Such  Record,Accuracy
639,Make,Company,Datum
640,Have,Jhu,Right
641,Have,At&T,Governmental  Right
642,Record,Vendor,That
643,Provide,Below  Vendor,Audit
644,Include,Scope,I  Practice
645,Include,Acces,Supporting  Right
646,Conducted,Who,Busines
647,Cooperate,Vendor,Reasonably At&T Audit
648,Provide,Vendor,At&T
649,Permitted,Agreement,Such  Audit
650,Work With,Vendor,Cooperation
651,Use Reasonable,Vendor,Best  Effort
652,Conduct,Vendor,Audit
653,Provide,Then  Vendor,List
654,Renegotiate,Then  Vendor,Contract
655,Conduct,Vendor,Audit
656,Provide,Vendor,At&T
657,Permit,Contractor,Customer
658,Inspect,Neurobo,Manufacturing Dong Facility
659,Have,Kitov,Right
660,Understood,Nothing,4.12  Customer
661,Addendum.(Page,Such Quality Inspection,Acces
662,Conduct,Herein  Customer,Periodic Quality Compliance
663,Provide,Manufacturer,Customer
664,Audit,Customer,Record
665,Audit Such,Customer,Such  Record
666,Have,Todo,Right
667,Ha,Vertex,Right
668,Inspect,Representative,Such  Book
669,Have,Calm,30  Day
670,Inspect,Representative,Such  Book
671,Engage,Calm,Third  Party
672,Have,Customer,Right
673,Be Absolute,However Observation Acces,Confidentiality Obligation
674,Restricted From,It,Part
675,Permit,Other Auditing Party,Public Accounting Firm
676,Permit,Audited Party,Report
677,Have,Valeant,Right
678,Bear,Valeant,Cost
679,Have,Dovum,Right
680,Include,Audit Right,Sales Representative
681,Bear,Dovum,Cost
682,Require,Mmt,Sublicensee
683,Exercised,Audit Report,Rise
684,Become Final,Audit Report,Written  Notice
685,Have,Siga,Authorized  Right
686,Maintain,Cht,Book
687,Provide,Cht,Ehave
688,Provide To,Cht,Assistance
689,Conducted,Calendar Year Foregoing Limit,Overcharge
690,Kept Confidential,Confidential,Confidentiality Obligation
691,Conduct,Ehave,Result
692,Allow,Constellation,Relevant Constellation Record
693,Furnish,Fund,Also  Integrity
694,Have,Company,Right
695,Make,Party,Tsa Record
696,Exercised By,That,Tsa Record
697,In,Reviewing  Party,Right
698,Provided,Such  Acces,Dispute
699,Retain,Rghl,Book
700,Give,Servicer,Issuer
701,Give,Custodian,Servicer Acces
702,Give,Custodian,Depositor
703,Conducted At,That,Disruption
704,Exceed,Frequency,One  Audit
705,Have,Licensor,Right
706,Entitled At,Premise,Such  Premise
707,Have,Party,Right
708,Require,Such  Audit,Carrier
709,Allow,Certified Auditing Public,Accounting Firm
710,Inspect,12  Month,Such  Record
711,Pay,I Escrow,Immediately  Cost
712,Have,Party,Theright
713,Have,Thereafter  Verticalnet,Right
714,Give Reasonable,Verticalnet,Reasonable Advance Notice
715,Have,6  Verticalnet,Right
716,Give Reasonable,Verticalnet,Reasonable Advance Notice
717,Have,Party,Auditing Right
718,Cause,Auditing Party,Audit
719,Give Reasonable,Auditing Party,Written  Notice
720,Have,Party,Auditing Right
721,Have,Nettaxi,Right
722,Have,- Billing Party,Right
723,Inspect Such,Months  Party,Such  Record
724,Permit,Mbe,Also  Company
725,Have,Ncm,Authorized  Right
726,Provide To,A.  Party,Applicable Product Suite Sale
727,Initiated,Then  Quarterlyreport,Accuracy
728,Show,Audit,Right
729,Pay,Then  Payor,15  Day
730,Show,Audit,Right
731,Pay,Then  Thepayor,Deficiency
732,Audit,Equidatum,Marketing Marketing
733,Inspect,Right,Marketing Affiliate’Sphysical Location
734,Have,Affiliate,Right
735,Have,Theismann,Right
736,Have Free,Theismann,Free  Acces
737,Have,Csa,Right
738,Make,Company,Book
739,Used,Payable  Method,Royalty
740,Bear,Xencor,Full  Cost
741,Cause,Wpd,Respective  Affiliate
742,Make,Licensee,Reasonably  Accuracy
743,Be For,Such  Audit,Compliance
744,Permit,Abbvie,Public Accounting Firm
745,Keep Such,Lea,Written  Record
746,I,Licensed Equipment,Right
747,Provide,Eutectix,Also  Liquidmetal
748,Maintain,Eutectix,Orderly Storage Bookkeeping
749,Conduct,Pb,Quality Oversight Inspection
750,Meet With,Executive Officer,Financial  Condition
751,Have,Sanofi,Right
752,Occur,Such  Audit,Book
753,Bear,Auditing Party,Full  Cost
754,Provide,Qualigen,Sekisui
755,Have,Sekisui,Option
756,Perform,Scheduled  Sekisui,Audit
757,Have,Auditing Party,Right
758,Permit Such,Zynga,Such  Record
759,Have,Licensor,Right
760,Provide Reasonable,Hswi,Reasonable  Assistance
761,Conducted Upon,Such  Audit,Discrepancy
762,Conducted By,Which,Other  Work
763,Agree,Hswi,Agreement
764,Conducted In,Recent  Audit,Discrepancy
765,Be Available,Record,Other  Party
766,Permit,Distributor,Public  Accountant
767,Made By,Fiscal Year Fiscal Audit,Result
768,Paid By,Inspection,Underpayment
769,Have,Zogenix,Right
770,Made,Fiscal Year Fiscal Audit,Violation
771,Have,Party,Right
772,Have,I,Ongoing  Right
773,Reserve,I,Right
774,Interview,I,Employee
775,Agree,You,Properly Proprietary Mark
776,Agree,You,Monthly  Statement
777,Have,I,Right
778,Conduct,I,Examination
779,Reimburse,You,Also  U
780,Have,I,Right
781,Omitted,Ef,>
782,Have,Ef,Authorized  Right
783,Have,Client,Right
784,Make,Distributor,Relevant  Record
785,Right,Customer Grant,Independent  Book
786,Pay To,Customer,Appropriate License Fee
787,Permit,Heritage,Premier
788,Have,Pretzeltime,Right
789,Cooperate With,Franchisee,Such  Inspection
790,Conducted At,Auditdisclosed  Anunderstatementof,Cost
791,Complying With,Unit,Designated  Right
792,Observe,Intermittent Pretzel Time,Necessary;C
793,Make,Diplomat,Examination
794,Require,Tadeo,Diplomat
795,Have,I,Right
796,Make Available,You,Original  Book
797,Have,I,Right
798,Acces,I,Information System
799,Have,I,Designated  Right
800,Have,I,Also  Right
801,Reimburse,2  You,Also  U
802,Make,Merchant,Reasonable  Acces
803,Provide,You,Acces
804,Maintain Appropriate,Servicer,Appropriate  Book
805,Maintain Proper,Sub Advisor,Proper  Record
806,Provide To,Sub Advisor,Information
807,Make Available,Adviser,Record
808,Provide,Administrator,Copy
809,Agree,Administrator,Trust
810,Acknowledge,Party,Right
811,Have,Smith,Right
812,Permit,Iso,Servicers  Employee
813,Permit,Directly  Servicer,Servicers  Employee
814,Written,Independent Certified Public Accountant,Prior  Notice
815,Occur,Such  Audit,Morethan
816,Written,Certified Public Accountant,Prior  Notice
817,Continue For,Herein,Ofthis Agreement
818,Review,Client,Record
819,Written,Certified Public Accountant,Prior  Notice
820,Beaudited By,Ivillage Traffic,Fmm
821,Cause,Certified Public Accountantto,Prior Noticeto Sponsor
822,Inspect,Company,Physically  Document
823,Supply,Thecontractor,Copy
824,Permit,Contractor,Company
825,Give,Datec,Full  Acces
826,Audit,Bsp,Also  Supplier
827,Have,Nice,Right
828,Agree,Nice,Toconduct
829,Coordinated With,Audit,Unduedisruption
830,Provide Nice,Contractor,Nice Andits Designee
831,Have,Shp,Right
832,Cause,M&I,Third Party Review
833,Provide Without,M&I,One  Copy
834,Agree,Party,Jurisdiction
835,Permit,Dolphin,Authorized  Representative
836,Perform,Ibm,Process Audit
837,Provide,Ibm,Writtendocumentation
838,Have,Ibm,Right
839,Monitor,Ibm,Regularly Software Installation Location
840,Have,Ibm,Option
841,Initiated Within,Such  Team,Compliance
842,Agreed To By,Which,Asapplicable  License
843,Agree,Msl,Audit
844,Made,Preceding  Audit,Materialdiscrepancy
845,Permit,Msl,Ibm Personnel
846,Have,Wyzz,Right
847,Agree,Hsn,E.Piphany
848,Provide,Hsn,E.Piphany
849,Furnish,Frequently  Hsn,E.Piphany
850,Permit,Medianet,Member Provider
851,Have,Company,Right
852,Audit,Which,Repairer Management
853,Give,Repairer,Notice
854,Have,It,Right
855,Have,Repairer,Right
856,Provide Full,Company,Full  Acces
857,Provide To,Supplier,Acces
858,Provide At,Supplier,Product
859,Provide,Supplier,Bank
860,Provide,Supplier,Copy
861,Be On,Such  Audit,Bank
862,Perform,It,Confidential  Audit
863,Conducted On,Which,Written  Notice
864,Be Subject,Performance,Reasonable  Acces
865,Acknowledge,S Supplier,Supplier
866,Audit,Personnel,External Information Security Program
867,Determine,Bank,Scope
868,Permit,Supplier,Bank
869,Permit,Agreement,Likewise  Bank
870,Review,Bank,Record
871,Permit,Herein  Cbc,Mediwound
872,Be Available,Such  Record,Payment
873,Authorized,Licensee,Duly  Agent
874,Conduct,Bellicum,Facility Audit
875,Are,It,Applicable  Miltenyi
876,Have,Flotek,Right
877,Agreed To By,Party,Other
878,Permit,Other  Party,Public Accounting Firm
879,Have,Party,Right
880,Will,Party,Public Accounting Firm
881,Conducted,Previous  Audit,Overpayment
882,Execute,Accounting Firm,Written Confidentiality Agreement
883,Make,Dd,Also  Record
884,During,Thereafter  Google,Relevant  Record
885,Have,Gocall,Notice
886,Permit,Other Auditing Party,Public Accounting Firm
887,Inspect,Governmental  That,Book
888,Have,Applicable Janssen,Right
889,Have,Party,Right
890,Have,Any,Right
891,Have,Party,Right
892,Examine Such,Auditor,Such  Book
893,Borne By,However  Verification,Such Verification Examination
894,Have,Party,Right
895,Acknowledge,You,Franchised Busines
896,Reserve,I,Right
897,Have,I,Right
898,Made Available,37  38)All,Accuracy
899,Remains In,Work Stream,Obligation
900,Conducted,Roche,Reasonable  Effort
901,Have,Auditing Party,Right
902,Treated A,Hereof  Audit,Payment Obligation
903,Have Full,Party,Full  Acces
904,Is Necessary,It,Such  Material
905,Appoint,Which,Accountant
906,Given,Such  Auditor,Document
907,Furnish To,Joint Venture Company,Financial  Report
908,Engaged By,Auditor,Financial Joint Venture Statement
909,Submit To,Joint Venture Company,Annual  Statement
910,Have,Party B,Right
911,Used By Such,However Registration That,Due  Diligence
912,Appoint,Energou,Certified  Auditor
913,Exercise Such,Energou,Such  Right
914,Have,Mil  Minda,Right
915,Have,Mil  Minda,Right
916,Be Reasonable,Party,Such  Right
917,Meet With,Agent,Quarter  Quarter
918,Maintain,Party,Book
919,Monitor,Adaptimmune,Conduct
920,Enable,Such Monitoring Visit,Also  Adaptimmune
921,Cooperate With,Md Anderson,Reasonably  Effort
922,Have,Edge,Opportunity
923,Permit,Hoc Entity,Representative
924,Make,Intricon,Reasonable  Objection
925,Use,Lbio,Record
926,Have,Licensor,Right
927,Make Available,Such  Information,Nature
928,Have,Party,Right
929,Furnish,Auditing Party,Audited  Party
930,Conducted During,That,Interference
931,Bear,Party,Cost
932,Inspect Such,Kallo,Such  Record
933,Permit,Kallo,Agent
934,Provide,Company,Acquiror
935,Provide,Party,Other  Party
936,Audit,It,Financial
937,Ha,Cardax,Right
938,Allow,Party,Regulatory  Requirement
939,Be Open,Such  Record,Amount
940,Obligated,Which,Reasonable Confidentiality Agreement
941,Endeavor,Party,Disruption
942,Have,Astella,Right
943,Use Good,Which,Good Faith Effort
944,Have,Party,Theright
945,Allow,Cere,Independent  Auditor
946,Each,Equifax,Member
947,Allow,Purchaser,Manufacture
948,Maintain,Distributor,Record
949,Have,Tripath,Authorized Tripath Representative
950,Make Such,Distributor,Such  Book
951,Engage,Alfa Aesar,Public Accounting Firm
952,Said,Examination,Underpayment
953,Have,Ki,Authorized  Right
954,Have,Consolidated Artist,Right
955,Have,Pey Dirt,Right
956,Pay,Then  Company,Cost
957,Shall,Ono,Affiliate
958,Include,Such Inspection Right,Right
959,Be Open,Such  Record,Standing
960,Paid By,7.4,Underpayment
961,Understood,Foregoing Audit Right,Right
962,Have,Achaogen,Right
963,Have,Achaogen,Right
964,Have,Achaogen,Right
965,Provide,Personal Airsopure Residence,Airsopure
966,Reimburse,You,Airsopure
967,Permit,You,Me
968,Reimburse,You,Also  U
969,Form,Which,Part
970,Right,It,Unrestricted Franchised Restaurant
971,Beperformed In,Theinspectionsshall,Interference
972,Be For,First,Bkc
973,Submit,Thefranchiseeshall,Full  Disclosure
974,Agree,Franchisee,Reasonable  Right
975,Have,I,Reasonable  Objection
976,Have,I,Right
977,Reimburse,I,Me
978,Have,I,Right
979,Have,I,Right
980,Have,I,Right
981,Have,30  Day,Right
982,Agree,Co - Host,Appropriate  Accountingrecord
983,Reimburse,Corio,Commerce
984,Shall,Corio,Reimbursechangepoint
985,Have,Certified  Auditor,Right
986,Permit,Inktomi,Microsoft
987,Permit,Establishment,Apollo
988,Conduct,Columbia Qa,Regulatory Inspection
989,Have,Columbia,Right
990,Be Available,Manufacturing Record,Such  Information
991,Require Such,Emv,Part
992,Have,Emv,Right
993,Provide,Manufacturer,Inspector
994,Ship Such,Manufacturer,Such  Product
995,Have,Magenta,Right
996,Given Reasonable,It,Reasonable  Acces
997,Make Accessible,Bachem,Product Release
998,Furnish,Iac,Supporting  Documentation
999,Limited To,Whereby  Sono,Right
1000,Inspect Such,Subject,Such Iac Vendor
1001,Reserve,Sono,Right
1002,Have,Sono,Right
1003,Audit,Sono,Relevant  Document
1004,Give,Medica,Vapotherm
1005,Engage,Owner,Auditor
1006,Have,Owner,Right
1007,Cooperate With,Operator,Such  Copy
1008,Be Responsible,20  21)Owner,Overpayment
1009,Agree,Licensee,Appropriate Accounting Record
1010,Theprocurementgroupshallensure,Supplycontractshallafford  Designatedrepresentativesreasonableright,That
1011,Have,Party,Right
1012,Maintained,Rightto,Record
1013,Audit,Ii  D2,Only  Record
1014,Ensure,Pg,It
1015,Ensure,Pg,Party
1016,Have,Party,Right
1017,Have,Owner,Right
1018,Cooperate With,Operator,Applicable  Book
1019,Permit,Hemispherx,Scien
1020,Perform,Hemispherx,Audit
1021,Review Standard,Hemispherx,Operating Quality Control Procedure
1022,I,General  Review,20 Business Day
1023,Make,Scien,Reasonable  Effort
1024,Communicate To,Hemispherx,Scope
1025,Be Available,Documentation,Retention Period
1026,Conducted By,Monsanto,Right
1027,Have,Monsanto,Right
1028,Be At,Audit,Cost
1029,Provide,Monsanto,Written  Notice
1030,Keep Such,Remarketing Agent,Such  Book
1031,Be For,Cost,Such  Inspection
1032,Make Available,Record,Accuracy
1033,Agree,Subcontractor,Manufacturer
1034,Provide,Subcontractor,Schedule
1035,Review At,Manufacturer,Routine  Report
1036,Paid By,Auditfind,Reasonably  Fee
1037,Make,Detto,Physical Set Up
1038,Have,Pivx,Right
1039,Agree,Reseller,Right
1040,Agree,Reseller,Such  Deficiency
1041,Enter,Licensor,Location
1042,Provide,Licensor,Reasonable  Assistance
1043,Provide,Pnc,Good Faith Reason
1044,Use,Supplier,Reasonable  Effort
1045,Use,Supplier,Reasonable  Effort
1046,Make,Party,Also  Book
1047,Undertaken By,Other  Party,Legitimate  Concern
1048,Have,Fusion,Right
1049,Conform To,Cpdc,Right
1050,Retain,Cpdc,Accurate  Record
1051,Accompanied By,Therein;  >,Financial  Record
1052,Have,Cpdc,Right
1053,Inspect,Intersect,Lot
1054,Perform,Thereafter  Sutrovax,Site Audit
1055,Require More,Reasonable Advance Notice,More
1056,Evaluate,5.1.6,Implementation
1057,Is Responsible,Sutro,16  Foregoing
1058,Provide,Sutro,Sutrovax
1059,Have,Then  Vericel,Right
1060,Accommodate,Healthgate,Oneemployee
1061,Have,Written  Notice,Right  Toconduct
1062,Make Available,Healthgate,Orthe Inspection
1063,Have,Publisher,Right
1064,Allow,Healthgate,Site
1065,Have,Bioamber,Right
1066,Occur,Such  Audit,Reasonable Business Hour
1067,Request,Netgear,Acces
1068,Review,Netgear,Record
1069,Have,Licensor,Right
1070,Have,Licensee,Right
1071,Assign,Ma,Any
1072,Assign,Roger,Right
1073,Assign,Licensee,Otherwise  Any
1074,Have,Licensee,Right
1075,Sublicense,Licensee,Any
1076,Assign,Party,Right
1077,Assign,Party,Agreement
1078,Be Null,Attempt,Agreement
1079,Assign,Party,Agreement
1080,Given,Theother  Party,Written  Notice
1081,Terminated By,Death,Eight 8) Week
1082,Assign,Below  Musclepharm,Otherwise  Right
1083,Voluntarily,Party,Otherwise  Right
1084,Permitted,License,Right
1085,Obtain In,Such  Party,Agreement
1086,Assign,Party,Otherwise  Agreement
1087,Assign,Exxonmobil,Agreement
1088,Understood,Purported  Assignment,Right
1089,Sub-,Distributor,License  Transfer
1090,Give,Supplier,Notice
1091,Sub,Distributor,Contract
1092,Assign,Party,Otherwise  Any
1093,Assign,Distributor,Any
1094,Assign To,Distributor,Duty
1095,Assign,Party,Right
1096,Assign,Hydraspin,Agreement
1097,Provided,Such Affiliated Company,A
1098,Release,Such  Assignment,Assigning Party
1099,Assign,Party,Agreement
1100,Assign,Party,Agreement
1101,Require,Assignment,Consent
1102,Terminate In,Member,Article Viii
1103,Withheld,Investor,Right
1104,Assign,Party,Right
1105,Assign,Village Media Company,Otherwise  Any
1106,Assign,Vyera,Agreement
1107,Understood,Other  Assignment,Financially  Obligation
1108,Sublicense To,Company,Right
1109,Binding Upon,Agreement,Right
1110,Assign,Party,Otherwise  Any
1111,Assign,Party,Right
1112,Binding Upon,Agreement,Respective  Assign
1113,Have,Party,Right
1114,Considered A,Dexcel,Agreement
1115,Assign,Party,Agreement
1116,Be Void,That,Term
1117,Ha,Party,Right
1118,Assign,Programmer,Agreement
1119,Assign,Party,Right
1120,Assign,Party,Agreement
1121,Assign,Only  Supplier,Agreement
1122,Assign,Customer,Agreement
1123,Provided,Unreasonably  Merger,Comparable  Assignment
1124,Desire,Party,Such  Assignment
1125,Grant,Mmt,Sublicense
1126,Assign,Supplier,Agreement
1127,Use Third,Cht,Third  Party
1128,Provided,Party,Right
1129,Assign,Channel Partner,Agreement
1130,Assigned,Agreement,Consent  Transfer
1131,Assign,Party,Agreement
1132,Have,Newegg,Right
1133,Transfer,Manufacturer,Any
1134,Transfer,Customer,Freely  Right
1135,Deemed,Transfer,Assignment
1136,Assigned In Whole,Seller,All
1137,Assigned,Seller,Agreement
1138,Assign,Party,Agreement
1139,Be Void,Licensed  User,Agreement
1140,Assign,Licensee,Otherwise  Agreement
1141,Omitted,Agreement,Agreement
1142,Be Terminable,Agreement,Agreement
1143,Sublicense,Licensee,Part
1144,Assign,Company,Agreement
1145,Assign,Acsi,Agreement
1146,Assign,Party,Agreement
1147,Assign,Party,Right
1148,Transfer,Herein  Party,Right
1149,Assign,Party,Agreement
1150,Assign,Party,Agreement
1151,Assign,Attemptto,Agreement
1152,Transfer,However  Verticalnet,Agreement
1153,Provided,However  Party,Agreement
1154,Transfer,Herein  Party,Right
1155,Assigned,Assigning Party,Notice
1156,Assign,Party,Otherwise  All
1157,Assign,Party,Right
1158,Have,Party,Right
1159,Assign,Network Affiliate,Any
1160,Be Assignable,Agreementshall,Expressly  Obligation
1161,Assign,Party,Agreement
1162,Assign,Berkshire,Agreement
1163,Sublicense,Company,Licensed Mark
1164,Assign,Party,Agreement
1165,Assign,Party,Any
1166,Assign,Party,Right
1167,Assign,Party,Agreement
1168,Assign,Developer,Obligation
1169,Apply,15.2.9,Mutatis Mutandi
1170,Entitled,I  Sale,Freely  Any
1171,Constitute,Following  Event,Default
1172,Has Unique,Dr. Murray,Unique  Qualification
1173,Sell,Unreasonably  Party,Such  Assignment
1174,Use,Abbvie,One
1175,Assign,Party,Right
1176,Assign,Developer,Agreement
1177,Grant,T&B,Third  License
1178,Assign,Party,Agreement
1179,Assign,Party,Agreement
1180,Transferred,However  Liquidmetal,Right
1181,Assign,However  Licensor,Agreement
1182,Sell,Hereto  Party,Written  Consent
1183,Sell,Sfj,Otherwise  Agreement
1184,Have,Sanofi,Right
1185,Assign,Party,Agreement
1186,Assign,Sanofi,Agreement
1187,Assign,Party,Agreement
1188,Assigned,Unreasonably  Sekisui,Agreement
1189,Ha,Licensee,Right
1190,Assigned,Licensor,Hereunder
1191,Assign,Party,Any
1192,Have,Licensee,Right
1193,Sublicense,Licensee,Any
1194,Assign,Party,Right
1195,Assign,Party B,Right
1196,Have,Herein  Party,Right
1197,I,Other  Party,Which
1198,Have,Party,Right
1199,Be Null,Purported  Assignment,Force
1200,Have,Distributor,Right
1201,Provided,Staar,Any
1202,Included In,Other  Party,Acces
1203,Be Null,Other  Party,Agreement
1204,Assign,Arizona,Any
1205,Permitted,Third Party Contractor,Right
1206,Be Void,Licensee,Purported  Assignment
1207,Assigned,Licensor,Hereunder
1208,Wish,Papa John,-
1209,Done If,Only  Abg,Approval Therefor
1210,Make,You,Transfer
1211,Assign,Ef,Agreement
1212,Assign,Distributor,Right
1213,Have,Customer,Right
1214,Assign,Herein  Party,Obligation
1215,Provided,However  Premier,Agreement
1216,Subcontract,Consultant,Portion
1217,Delegate,Party,Performance
1218,Sell,Consultant,Right
1219,Is Personal,Agreement,Right
1220,Be Void,Consented  Assignment,Breach
1221,Be Void,Transferwithout,Breach
1222,Assign,Party,Otherwise  Right
1223,Entitled,Any,All
1224,Be,Agreement,Power
1225,Subcontract,Lmg,Any
1226,Make,You,Directly  Transfer
1227,Inure To,Agreement,Respective  Chapter
1228,Permitted By,It,Notice
1229,Assign,Provider,Otherwise  Agreement
1230,Provided,Agreement,Which
1231,Assign,Sub Advisor,Right
1232,Subcontract,Cro,Part
1233,Assign,Cro,Right
1234,Assign,Party,Agreement
1235,Assign,Right,Hereto  It
1236,Make,However  Party,Hereto Collateral Assignment
1237,Assign,Service Recipient,Right
1238,Assign,Service Provider,Right
1239,Assigned By,Hereof Subject Tda,Affiliated  Parent
1240,Assign,Party,Any
1241,Terminate,Iso,Agreement
1242,Be Null,Theassigning  Party,Agreementother
1243,Assigned,Consent,Hereunder
1244,Have,Sponsor,Right
1245,Assign,Party,Right
1246,Assign,Party,Agreement
1247,Assign,Party,Agreement
1248,Be Null,Attempt,Other
1249,Sell,Party,Agreement
1250,Agreement,Consent,Assignment
1251,Assign,Party,Any
1252,Assign,Party,Agreement
1253,Be Null,Attempt,Other
1254,Assign,Party,Agreement
1255,Assign,Contractor,Agreement
1256,Assign,Party,Right
1257,Relieved Of,Thethird Party,Written  Notice
1258,Assigned By,I  Company,Assignment
1259,Assign,And(B,All
1260,Sell,Party,-
1261,Soassigned,Further  Assignee,Agreement
1262,Be,Agreement,Power
1263,Assigned By,Customer,Financial  Capital
1264,Assigned By,Customer,Freely  Agreement
1265,Assign,Party,Right
1266,Assign,Msl,All
1267,Assign,Msl,Anyright
1268,Assign,Msl,Agreement
1269,Assign,Party,Hereto  Right
1270,Assign,Party,Agreement
1271,Assign,Party,Agreement
1272,Assign,Mcdatum,Agreement
1273,Assign,Nat,Written Withoutmedianet Group Consent
1274,Assigned,Consequently  Agreement,All
1275,Assign,Party,Agreement
1276,Transfer,Party,Right
1277,Assign,12.2  Party,Right
1278,Assign,Party,Respective  Right
1279,Assigned By,Party,Agreement
1280,Agree,Bellicum,Written  Consent
1281,Provided,That,All
1282,Assign,Fcc,Right
1283,Agree,Party,Termination
1284,Assign,Unauthorized  Assignment,Totally  Contract
1285,Ha,Assignee,Financial  Capacity
1286,Ha,Assignee,Crude
1287,Sell,Party,Agreement
1288,Assign,Party,Right
1289,Provided,However  Right,Assign
1290,Assign,Otherwise  Shipper,Agreement
1291,Grant,Green Cros,Sublicense
1292,Assign,Party,Right
1293,Transfer,Beforehand Party B,Cooperation Busines
1294,Deemed A,Party B,Breaching  Liability
1295,Assign,Party,Right
1296,Subcontract,Party,Only  Activity
1297,Sublicense,Bli,Otherwise  Right
1298,Withheld,Party,Agreement
1299,Assign,Below Nantz Communication,Any
1300,Hereunder,Right,Company
1301,Assign,Party,Right
1302,I,Agreement,Right
1303,Subcontract With,Company,Otherwise  Affiliate
1304,Use,Company,Affiliate
1305,Assigned,However  Janssen,Agreement
1306,Assign,However  Party,Any
1307,Assign,King,Otherwise  Any
1308,Be Assignable,Agreement,Herein
1309,Granted,Franchise,Area
1310,Hereunder,Right,Right
1311,Grant,You,Such  Right
1312,Sell,Legal  Which,Directly  Interest
1313,Be Null,Purported  Assignment,Material  Breach
1314,Transfer,Disposition,Interest
1315,Terminated At,Who,B  Termination
1316,Bind,Limited Power,Respective  Successor
1317,Assigned By,However  Party,Agreement
1318,Have,Party,Right
1319,Have,Nvo,Right
1320,Provided,However  Party,Unreasonably  Consent
1321,Binding Upon,Agreement,Respective  Assign
1322,Assigned By,Which,Such  Conduct
1323,Assigned By,Unreasonably  Party,Agreement
1324,Require,Assignment,Consent
1325,Assign,Agency,Agreement
1326,Assign,Party,Otherwise  Any
1327,Be Void,Party,Otherwise  Any
1328,Provided,Agreement,Respective  Assign
1329,Subcontract,Md Anderson,Any
1330,Assign,Party,Agreement
1331,Transfer,Party,Right
1332,Rights Under,Party,Otherwise  Right
1333,Assign,Subcontractor,Right
1334,Are Of,Service,Any
1335,Is Specific,License,Hereunder
1336,Assign,Intricon,Any
1337,Assign,Dynamic  Hearing,Any
1338,Assign,Lbio,Agreement
1339,Acknowledge,Md Anderson,Otherwise  Consultant
1340,Assign,Party,Agreement
1341,Be,Case,Any
1342,Subcontract,Company,Any
1343,Assign,Party,Otherwise  Any
1344,Binding Upon,Party,Otherwise  Any
1345,Assign,Party,Any
1346,Have,Party,Right
1347,Be Void,Unauthorized  Attempt,Portion
1348,Engage,Ontochem,One  Subcontractor
1349,Assign,Party,Otherwise  Agreement
1350,Assigned,However  Party,Agreement
1351,Assign,Party,Agreement
1352,Be Assignable,Agreement,Agreement
1353,Assign,Party,Right
1354,Assign,None,Any
1355,Binding Upon,However  Party,Legal  Assign
1356,Assign,Party,Whole
1357,Have,However  Cere,Right
1358,Have,Party,Right
1359,Have,However  Cere,Right
1360,Have,Party,Right
1361,Assign,Neither,Hereto  Right
1362,Assign,Arizona,Any
1363,Binding Upon,Respective  Successor,Assign
1364,Assign,Herc,Obligation
1365,Sell,Party,Otherwise  Any
1366,Assign,Party,Ip Agreement
1367,Cause,Applicable Seller Party,Licensed  Ip
1368,Cause,2.1(D  Purchaser,Applicable Purchaser Assignee
1369,Assign,Party,Agreement
1370,Assigned Ordelegated,However  Agreement,Omitted Alliance Agreement
1371,Assign,Distributor,Right
1372,Assign,Distributor,Agreement
1373,Be,Assignment,Product
1374,Assign,Distributor,All
1375,I,Agreement,Product
1376,Require,Other  Assignmentby,Written  Consent
1377,Discontinue,"Intheeventeitherparty(A)Becomesadjudicated Insolvent,(B",Busines
1378,Omitted,Distributor,Itsbusiness Asset
1379,Have,Shipper,Right
1380,Be Effective,Assignment,Written  Notice
1381,Assigned In Whole,Party,Contract
1382,Assign,Party,Agreement
1383,Have,Adams Golf,Right
1384,Assign,Ki  Inc.May,Right
1385,Used,Right,Company
1386,Beentitled,Company,Agreement
1387,Have,Tpc,Consolidated Right
1388,Used,Right,Company
1389,Have,Pey Dirt,Right
1390,Assign,Party,Agreement
1391,Assign,Party,Agreement
1392,Be Null,Purported  Assignment,Written  Consent
1393,Transfer,You,Interest
1394,Assign,Noprincipalshalldirectlyor,Legal Orbeneficialequity Interest
1395,Be Void,17.1(K).If  Bkc,Right
1396,Understand,You,Franchise
1397,Be Null,Purported  Assignment,Written  Consent
1398,Covenant,You,Further  That
1399,Intend,You,Reason
1400,Agree,You,Interest
1401,Considered In,You,Interest
1402,Constitute,Transfer,Breach
1403,Met Before,Proposed New Owner,Together  Transfer
1404,Pay,You,Amount
1405,Be Responsible,Proposed New Owner,Initial Training Program;(D
1406,Enter Into,Me,Installment Payment
1407,Agree,Proposed New Owner,All
1408,Require,You,Performance
1409,Offered,You,Properly  Opportunity
1410,Be Effective,However  Assignment,Written  Notice
1411,Withheld,Customer,Agreement
1412,Assign,Party,Agreement
1413,Have,Host,Right
1414,Assign,Party,Any
1415,Assign,Party,Agreement
1416,Assign,Party,Agreement
1417,Assign,Customer,Agreement
1418,Transfer,Hereto  Party,Agreement
1419,Provided,However  Party,Agreement
1420,Be Void,Purported  Assignment,Interest
1421,Assign,However  Apollo,Agreement
1422,Withheld,Attempt,Agreement
1423,Deemed Unreasonable,Columbia,Consent
1424,Assign,Party,Any
1425,Assign,Bachem,Agreement
1426,Assign,Bachem,Any
1427,Notify,Iac,First  Approval
1428,Assign,Party,Right
1429,Assign,Party,Any
1430,Have,Party,Right
1431,Make,Operator,Assignment
1432,Make,Owner Shallnot,Assignment
1433,Sell,Licensee,Licensed  Program
1434,Agree,Licensee,Right
1435,Assign,Licensee,Agreement
1436,Be Void,License Right,Agreement
1437,Assign,Sparkling,Omitted>(C)Not  Agreement
1438,Assign,Party,Agreement
1439,Be Null,Service Provider,Pledge
1440,Provided,Assigningparty,Groupmaydecidethat Theassigningpartywill Notremainjointlyandseverallyliablewiththeassigneefortheperformanceofthisagreement
1441,Withheld,Party,Thewhole
1442,Assign,Party,Any
1443,Entitled,Such  Assignment,Right
1444,Assign,Customer,Rights Orobligation
1445,Sell,Company,Right
1446,Make,Operator,Assignment
1447,Make,Owner,Assignment
1448,Assign,Otherwise  Party,Agreement
1449,Assigned,Hemispherx,Agreement
1450,Mean,Event,Any
1451,Have,10.6  Monsanto,Right
1452,Be Subject,Such  Assignee,11.8  >
1453,Transfer,Agent,Right
1454,Assign,Party,Agreement
1455,Inure To,Agreement,Party
1456,Inure To,Assignment,Party
1457,Subject To,20.2  Party,License
1458,Assign,Surgical,Agreement
1459,Assign,Party,Agreement
1460,Assign,Party,Agreement
1461,Binding Upon,Nothing,Right
1462,Assign,Party,Agreement
1463,Be Null,Attempt,Agreement Otherthan
1464,Bindingupon,Party,Right
1465,Assign,22  Party,Agreement
1466,Assigned By,Unreasonably  Ticket,Agreement
1467,Is Personal,Agreement,Any
1468,Assign,Detto,Any
1469,Bind,Agreement,Respective  Successor
1470,Acknowledge,Reseller,Right
1471,Assign,Unreasonably  Reseller,Agreement
1472,Assign,Diversinet,Agreement Atany Agreement Time
1473,Subcontract,Licensor,Any
1474,Transfer,Party,Any
1475,Provided,However  Party,Agreement
1476,Assigned,Unreasonably  Party,Right
1477,Assign,Party,Supply Agreement
1478,Be Assignable,Agreement,Right
1479,Be Void,Party,Other  Party
1480,Transfer,Healthgate,Whole
1481,Assign,Party,Development Agreement
1482,Be Voidable,Which,Duty
1483,Be Voidable,Which,Duty
1484,Assign,However  Licensor,Agreement
1485,Exceed,"15,000).The Option",Fifteen Thousand
1486,Be Void,Attempt,Option
1487,Agree,Customer,Third Party Acces
1488,Said,Of  Asset,Agreement
1489,of,Governing Law,Nevada
1490,of,Governing Law,"Ontario, Canada"
1491,of,Governing Law,Florida
1492,of,Governing Law,New York
1493,of,Governing Law,California
1494,of,Governing Law,Tennessee
1495,of,Governing Law,"England, United Kingdom; Wales, United Kingdom"
1496,of,Governing Law,Delaware
1497,of,Governing Law,Ohio
1498,of,Governing Law,Indiana
1499,of,Governing Law,Texas
1500,of,Governing Law,Michigan
1501,of,Governing Law,Netherlands
1502,of,Governing Law,Iowa
1503,of,Governing Law,Maryland
1504,of,Governing Law,Israel
1505,of,Governing Law,Colorado
1506,of,Governing Law,Alabama
1507,of,Governing Law,Spain
1508,of,Governing Law,Taiwan
1509,of,Governing Law,[* * *]
1510,of,Governing Law,Virginia
1511,of,Governing Law,Kansas
1512,of,Governing Law,Illinois
1513,of,Governing Law,England
1514,of,Governing Law,People's Republic of China; United Nations Convention on Contract for the International Sale of Goods
1515,of,Governing Law,Texas; Singapore; Belgium
1516,of,Governing Law,People's Republic of China
1517,of,Governing Law,Washington
1518,of,Governing Law,Illinois; New York
1519,of,Governing Law,Pennsylvania
1520,of,Governing Law,Germany
1521,of,Governing Law,"Virginia, Texas"
1522,of,Governing Law,Connecticut
1523,of,Governing Law,Georgia
1524,of,Governing Law,[]
1525,of,Governing Law,California; the state in which the breach occurs
1526,of,Governing Law,Arizona
1527,of,Governing Law,Hong Kong
1528,of,Governing Law,United States
1529,of,Governing Law,"British Columbia, Canada"
1530,of,Governing Law,Massachusetts
1531,of,Governing Law,THE STATE IN WHICH THE FRANCHISED RESTAURANT IS LOCATED; THE UNITED STATES TRADEMARK ACT OF 1946
1532,of,Governing Law,"England and Wales, UK"
1533,of,Governing Law,Beijing
1534,of,Governing Law,India
1535,of,Governing Law,Minnesota
1536,of,Governing Law,Oklahoma
1537,of,Governing Law,New Jersey
1538,of,Governing Law,Papua New Guinea
1539,of,Governing Law,Wisconsin
1540,of,Governing Law,Massachusetts; Netherlands
1541,of,Governing Law,Missouri
1542,of,Governing Law,North Carolina
1543,of,Governing Law,Colombia
1544,of,Governing Law,Arkansas
1545,of,Governing Law,"Province of Ontario, Canada"
1546,of,Governing Law,Republic of Kazakhstan
1547,of,Governing Law,China
1548,of,Governing Law,British Columbia
1549,of,Governing Law,Japan
1550,of,Governing Law,Italy
1551,of,Governing Law,District of Columbia
1552,of,Governing Law,"Victoria, Australia"
1553,of,Governing Law,England and Wales
1554,of,Governing Law,South Dakota
1555,of,Governing Law,"Delaware, Illinois"
1556,of,Governing Law,Louisiana
1557,of,Governing Law,"Nova Scotia, Canada"
1558,of,Governing Law,England; Wales
1559,of,Governing Law,Switzerland
1560,of,Governing Law,Republic of South Africa
1561,of,Governing Law,New York; Massachussets
1562,of,Governing Law,Kentucky
1563,of,Governing Law,California; Hong Kong
1564,of,Governing Law,"British Columbia,Canada"
1565,of,Governing Law,Federal Republic of Germany
