,ORG
0,Conformi
1,Company
2,Franchisee
3,Vyera
4,Manufacturer
5,Customer
6,Supplier
7,Dovum
8,Valeant
9,Party
10,Network Affiliate
11,Xencor
12,Sanofi
13,Party A
14,Licensee
15,Client
16,Service
17,Bank
18,Philip
19,Ginkgo
20,Turpin
21,System
22,Rubicon
23,Intellectual Property
24,Equifax
25,Certegy
26,Seller
27,Achaogen
28,Microgenic
29,Franchiseeacknowledge
30,Bachem
31,Wildform
32,Reseller
33,University Indemnitee
34,University
35,Subcontractor
36,Bizzingo
37,General Liability Insurance
38,Clinical Trial Insurance
39,Eutectix
40,Professional Liability Insurance
41,Qualigen
42,Heritage
43,Product
44,Racing
45,False General Liability
46,Hydron
47,Contractor
48,Products Liability Insurance
49,M&I
50,Nexstar
51,Repairer
52,Venture
53,Agency
54,General Liability
55,Kallo
56,Buyer
57,Carrier
58,Medica
59,Broker Dealer
60,Sabco
61,Professional
62,Vendor
63,Todo
64,Vertex
65,Sales Representative
66,Audit Report
67,Ehave
68,Fund
69,Servicer
70,Issuer
71,Equidatum
72,Zynga
73,Distributor
74,Trust
75,Certified Public Accountant
76,Certified Public Accountantto
77,Dolphin
78,Franchised Busines
79,Work Stream
80,Roche
81,Acquiror
82,Tripath
83,Consolidated Artist
84,Affiliate
85,Assay
86,Commerce
87,Microsoft
88,Columbia
89,Sono
90,Monsanto
91,Sutro
92,Channel Partner
93,Thisagreementmaynotbe
94,T&B
95,License
96,Transfer
97,Agreementother
98,Green Cros
99,Party B
100,Proposed New Owner
101,Service Provider
