,Undefined
0,Musclepharm
1,Any
2,Who
3,Herein  Musclepharm
4,Company
5,Copyright
6,Such  Right
7,Intellectual  Property
8,Such  Assignment
9,Fce
10,It
11,Reasonable  Assistance
12,Exclusively  Deliverables.Ompany
13,Hire  Company
14,Distributor
15,Promptly  Erchonia
16,Such  Registration
17,Franchisee
18,Ownership
19,Right
20,Other Ancillary Party
21,Intellectual Property Assignment
22,Investor
23,All  Right
24,University
25,Ind
26,Permitted  Use
27,2.5 Village Media
28,Hereby  All
29,Cytodyn
30,At&T
31,Vendor
32,Manufacturer
33,Customer
34,Existing Intellectual Property Right
35,Comparable  They
36,Thereof ‚ Äúwork
37,Party
38,Hereby  Right
39,Copyright Holder
40,Licensee
41,Work
42,Ownership Right
43,Ebix
44,Centive
45,All
46,Verticalnet
47,Domain Name
48,That
49,Highest  Amount
50,Therein  Right
51,Such Promotional Material
52,Xencor Know How
53,Developer
54,‚ Äúwork
55,Applicable Regulatory Approval
56,Sole  Right
57,Competent Regulatory Authority
58,Physical Day Time Transfer
59,]
60,Expressly  Right
61,Lea
62,Document
63,Jointly Amorphous Alloy Technology
64,Sfj
65,True  Copy
66,65  66)Sfj
67,Sole  Ownership
68,11.1.1.2(A).Sfj
69,Other Permitted Third Party
70,Action
71,Revmed
72,Clinical Trial
73,Business Entity Name
74,Äúabandoned Joint Sekisui
75,Such Abandoned Joint Ip
76,Pacificap Entertainment
77,Promotional Stock Footage Poster
78,Party B
79,So  Distributor
80,Reasonable  Action
81,Entire  Right
82,Collectively Äúfox Intellectual Property‚Äù).Licensee
83,Intellectual Property Right
84,One Copyright Assignment
85,Written  Assignment
86,Moral That
87,Herein  Result
88,Material
89,You
90,Written  Approval
91,Exclusive  You
92,Exclusive  We
93,Exclusive  License
94,Content
95,Content(‚Äúderivative  Ef
96,Modification
97,Ef
98,Authorized Modification
99,Interest  Right
100,Hereby  Transfer
101,Permissible  Developer
102,Software
103,Collectively  111Nventions‚Äù).Consultant
104,Service
105,Consultant
106,Consultant‚Äôs Signature
107,Such Work Product
108,Other  Instruments).Consultant
109,Copyrightable  Work
110,Furthermore  Consultant
111,Written  Instrument
112,Written  Disclosure
113,Foregoing
114,Record
115,Ip‚Äù ‚ Consultant
116,Computer Work
117,Invention
118,Further  Assignment
119,Written  Record
120,Suchpromotionalallowancesfor Remission
121,Development
122,Appropriate  We
123,I
124,Such  Ownership
125,Such  Action
126,Ximage
127,Thefollowing
128,Recipient
129,Agreement
130,Irrevocable  Assignment
131,<
132,Particular  Company
133,Proprietary  Work
134,Use
135,Contractor
136,Executive
137,Company Ip
138,Ivillage
139,Intellectual  Right
140,‚ Proprietary Right
141,Ibm
142,Plan
143,Bank
144,Exclusively Work Product
145,Right  Title
146,That  Macrogenic
147,Datum
148,12.3 ‚ Äúintellectual Property‚Äù
149,Patent
150,One
151,Bli
152,Patent Application
153,Event
154,Bii¬†(On¬†Behalf
155,Xencor
156,Intellectual Property Company
157,Igene
158,Herebyassign
159,Currentrecordsrelating
160,Transfersandassignmentsand  Otherthing
161,Applicable  Member
162,Such Spinco Designee
163,Each
164,Reasonable  Effort
165,Required  Consent
166,Otherwise  Parent
167,Unreleased Spinco Ip Liability
168,Spinco
169,42Nd  Edition
170,Such  Information
171,Otherwise  Gsk
172,Necessary  Theravance
173,Fmi
174,Case
175,Sole  Title
176,Dialog
177,Tooling
178,Which
179,Own  Share
180,Consultants Andagent
181,Possible  Innovation
182,Work Right
183,Hereby  Officer
184,Md Anderson
185,Such  Invention
186,Agent
187,V
188,Ppd
189,Lead  Scaffold
190,Section
191,Annual  Fee
192,Ontochem
193,Compound Library
194,However  Astella
195,So  Astella
196,Part
197,Case  Party
198,Iii  Equifax
199,Right  Interest
200,Tothe  Foregoing
201,Thereof  That
202,Proceeding
203,Assignor
204,Further  Assistance
205,Sony
206,Sony‚Äôs Entire Sony‚Äôs Right
207,Third  That
208,Firmware  Code
209,Hsi
210,3.2 Assignor Party
211,Hereby  Covenant
212,Seller
213,2.1(B)(I  Seller
214,Other Seller Party
215,Otherwise  Right
216,Below  Array
217,So  Ono
218,Discovery
219,‚ Äúachaogen Inventions‚Äù).Microgenic
220,Inventions‚Äù).The Achaogen Patent
221,Antibody
222,Reference
223,Additional  Document
224,Paragraph 5.12.The Franchisee
225,21  22)You
226,Such  Idea
227,Other  Person
228,Otherwise  Claim
229,Secret  Right
230,[  Interest
231,Project Which
232,Expressly Bachem Intellectual Property
233,Product Customization
234,Using  Meaning
235,Iac >
236,Further  Instrument
237,Iac
238,Incorporated Technology Work
239,Ppi
240,Ekr
241,Surgical
242,Such  Document
243,Healthgate
244,Present  Copyright
245,Further  Documentation
246,Such  Policy
247,Protection
248,Policy
249,As Certificate
250,As Party
251,Deductible
252,General Liability Insurance
253,Written  Proof
254,Supplier
255,Product Liability Insurance
256,Personal Property Insurance
257,Artara
258,Insurance
259,Coverage
260,Such  Insurance
261,Additionally  Error
262,General  Liability
263,Certificate
264,Jhu
265,Insurance Policy
266,Insurance Coverage
267,Ii
268,Least  Thirty
269,Waiver
270,State Run Vendor
271,Gap Employers Liability
272,False General Aggregate
273,Liability
274,Applicable  Vendor
275,Products Completed Operation
276,Liability Insurance Policy
277,Copy
278,Full Replacement Cost
279,Umbrella Excess Liability Limit
280,Explosion
281,Same Limit Requirement
282,Property Coverage
283,Property Insurance
284,Operator
285,Following  Insurance
286,Specifically Insurance Coverage
287,Such Insurance Coverage
288,Such Insurance Policy
289,Required Insurance Coverage
290,Whichever
291,Herein
292,Insurance Carrier
293,Minimum
294,Following
295,Jones Act
296,Personal Operations Coverage
297,Non-
298,Vehicle
299,Commercially  Amount
300,Xspa
301,Special Form Property Stock
302,Written  Notice
303,Insurer
304,Best‚Äôs Insurance Rating
305,Other  Party
306,Additional Insurance Coverage
307,General Liability Obligation
308,Mmt
309,Annual  Each
310,Following  Policy
311,Requesting  Party
312,Applicable  Party
313,Constellation
314,Hof Entity
315,Compensation Employer‚Äôs Liability Insurance
316,Sponsor
317,Own Liability Insurance
318,Manufacturing Company
319,Product
320,Association
321,30 Days‚Äô Notice
322,Minimum  Type
323,Operationsõæ Contractual Liability Coverage
324,Insured  Endorsement
325,Based  Coverage
326,Alternate Employer Endorsement
327,Related  Injury
328,Risk‚Äù Property Insurance
329,Äúall Risk‚Äù Coverage
330,Financial  Rating
331,Insuring  Party
332,Declaration Page
333,Sufficient  Insurance
334,Purchase Injury Insurance
335,Ncm
336,Other
337,Network
338,Additionally  Network
339,Network‚Äôs Media Activity
340,Comprehensive Liability Insurance
341,Hd
342,Clinical Trials Insurance Coverage
343,Adequate  Obligation
344,Such Compensation Insurance
345,Such  Coverage
346,Public  Liability
347,Property Damage Provision
348,Franchisor
349,Full  Force
350,Minimum  Limit
351,Employee
352,Necessary  Insurance
353,Insurance Meeting
354,$  Occurrence
355,Independent Form Property Damage
356,Prior  Act
357,Hereunder
358,Below  Party
359,Other  Following
360,Following  Type
361,Completed Aggregate
362,Single Personal Limit
363,Excess  Liability
364,Pb
365,Such Trials Liability Insurance
366,Single  Limit
367,‚ Operations Coverage
368,A.M.Best  Rating
369,Sekisui
370,Liability Insurance
371,Reasonable  Amount
372,Us$ 5 Million
373,Staar
374,Separate  Endorsement
375,Product Liability
376,John‚Äô
377,Standard Insurance Policy Whichever
378,Fully Papa John‚Äô
379,Comprehensive Automobile Liability
380,Excess Liability Insurance
381,Appropriate Insurance Coverage
382,Such  Type
383,Me
384,Approved Insurance Company
385,Statement
386,Year  You
387,Current  Certificate
388,Compensation
389,6  7)Ef
390,Busines
391,Such  Notice
392,Written  Confirmation
393,Compensation Insurance
394,False General Liability Insurance
395,Compensation Coverage Occupational Disease Insurance
396,Employer
397,$
398,Premier
399,A.M.Bestcompanyrating
400,Provisionobligatingall  Insurer
401,Proof
402,Joint Loss Endorsement
403,Insurance You
404,Deductible  Clause
405,Risks Coverage Insurance
406,Proper  Existence
407,Prior  Notice
408,Merchant
409,Additional Agent Merchandise
410,Public Umbrella Liability Injury
411,Such Insurance Duration
412,Change
413,Also  Purchaser
414,General Liability Policy
415,Workers‚Äô Compensation Insurance
416,Workers Compensation Insurance
417,Participation
418,Normal Underwriting Requirement
419,Andhired Automobile Liability Vehicle
420,Comprehensive  Fire
421,Below:(I
422,Worker
423,Limit
424,Racing‚Äôs Liability Policy
425,- Liability Coverage
426,Thirty Days‚Äô¬†Priorwritten Notice
427,Coverage Limit
428,Following Insurance Coverage
429,Coverliability
430,Equivalent  Coverage
431,Asadditional  Insured
432,Dolphin
433,$  Any
434,Such  Copy
435,Vip
436,Disaster Business Insurance
437,Best‚Äôs  Rating
438,A).The  Bsp
439,Documentary  Evidence
440,False General Liability Premises
441,Mmi
442,Wyzz
443,Cost Casualty Replacement Cost Insurance
444,Casualty Replacement Insurance
445,Following Insurance Compensationinsurance
446,Risk Insurance
447,Company Policy
448,Subcontractor
449,Keeper Liability Repairer
450,One  Occurrence
451,Continuously  Subcontractor
452,Amount
453,Subrogation
454,Worker‚Äôs Compensation Which
455,Specifically Property Infringement
456,Completed Operations Coverage
457,26.2.2  26.2.4
458,Computer Information Service
459,Bond Customer Coverage
460,Cbc
461,13 14)Without 13 Prejudice
462,Mediwound Certification
463,Required  Level
464,Adequate  Amount
465,Such Bellicum Liability Insurance
466,Level
467,Fcc
468,"$  5,000,000"
469,Performance Insurance Policy
470,Necessary  Bond
471,Coverages:(A)Cargo Liability Insurance
472,Crossliability
473,Air  Operation
474,Type
475,12.4 Insurance).The Insurance Policy
476,Compliance
477,"$  25,000,000"
478,Bii
479,Joint Venture
480,31  Depomed
481,Insurance Broker
482,General Liability Coverage
483,Self  Retention
484,Additional  Insurance
485,Periodically  Amount
486,A  U
487,Maintenance
488,Gsk
489,Joint Venture Company
490,Required  Insurance
491,Adequately Products It
492,Civil Liability Insurance Cover
493,Thefhlbny Theassociationis Depositaccount
494,Beenreviewedby Suchcounseland
495,Proceedings
496,Valid  Error
497,Liability Liability Insurance
498,Such Liability Insurance Policy
499,Liquidation
500,Blue Hills Party
501,Reason
502,14)Such  Policy
503,Zanotti
504,Such  Evidence
505,Annual  Aggregate
506,Financial  Obligation
507,Approval
508,Thereof  Insurance
509,‚ Äúper Location
510,Bodily Injury
511,Following Subcontractor Classification
512,Umbrella Excess Liability Form
513,5  Company
514,Former Hoc Director
515,Still  Book
516,Applicable  Company
517,Nominated  Tf
518,Vs  That
519,Thereafter  Party
520,Stw
521,Herc
522,Thc
523,Carry
524,Sierra
525,Reasonableamount
526,Companywill
527,Property  Insurance
528,Owner That
529,Diplomat
530,Ki
531,Liability Insurance Advertising Injury Coverage
532,$ Three Million Licensor
533,Hereof  Company
534,20  Day
535,"$  3,000,000"
536,Specifically  Bp
537,Airsopure
538,Evidence
539,Minimum  Rating
540,Option
541,Bkc
542,Activity
543,Rating
544,Automobile Liability Insurance
545,Total
546,Property Insurance Property Coverage
547,Sustained  Basi
548,Also Flood Insurance Coverage
549,General  Contractor
550,First  Insurance
551,Additional  Certificate
552,Above  Me
553,40)Such  Interest
554,>
555,Such Insurance Coverage(
556,10.8  You
557,Inktomi
558,Claim
559,Form
560,Appropriate  Insurance
561,Annual Aggregate Limit
562,A
563,Fleet
564,Active  Policy
565,One Insurance Policy
566,Business Day
567,Vapotherm
568,Liability Insurance Coverage
569,Statutory Worker‚Äôs Compensation Insurance
570,Employer‚Äôs  Liabilityinsurance
571,Operation
572,Indemnification  Protection
573,Commercial Automobile Insurance Coverage
574,22.1.1¬†Employer‚Äôs Liability Insurance
575,Service Provider
576,Single Policy Limit
577,Owner
578,Managing Group
579,Sap Africa
580,Provider
581,Appropriate Liability Insurance
582,Such  Certificate
583,Statutory Worker‚Äôscompensation Insurance
584,Employer‚Äôs Liability Insurance
585,Primary  Coverage
586,Full  Insurance
587,Such  Exception
588,Material Adverse Effect
589,12 13)Each Insurance Subsidiary
590,Business
591,Property Damage
592,Nature
593,Availability
594,Andwarrant
595,Such  Loss
596,Suchinsurance
597,"$ 5,000,000).Each Party"
598,Throughout---------
599,Prolong
600,C.  Sponsor
601,Sdbf
602,Cross Liability Endorsement
603,Further  Coverage
604,Sponsor‚Äôs  Liability
605,Required Workers Compensation Insurance
606,Term
607,Reseller
608,Such  Insurancecoverage
609,Provision
610,Coverage Occupational Insurance
611,"$  500,000"
612,C Supplier‚Äôs Cgl Policy
613,Supplier‚Äôs Insurance Carrier
614,Failure
615,Breach
616,Basi
617,Hereunder  Supplier
618,General Liability Insurance Policy
619,Indemnification Obligation
620,A.M.Best Rating
621,Netgear
622,Applicable  Certificate
623,Professional
624,Comprehensive Liability Company
625,Ma
626,Accurate  Record
627,Thereafter  Roger
628,Prior  Audit
629,Balance
630,Licensor
631,Cost
632,Book
633,Accounting Period Accounting Right
634,Lender
635,Independent  Who
636,Public  Right
637,Auditing Party
638,Exercise
639,Such  Accepting
640,Audit Right
641,Public Accounting Firm
642,Documentation
643,Additionally  Distributor
644,Jrv
645,Full  Acces
646,Information
647,Such  Record
648,Accuracy
649,Governmental  Right
650,Below  Vendor
651,Audit
652,Scope
653,I  Practice
654,Acces
655,Supporting  Right
656,Reasonably At&T Audit
657,Such  Audit
658,Cooperation
659,Best  Effort
660,Then  Vendor
661,List
662,Contract
663,Reasonable  Time
664,Neurobo
665,Manufacturing Dong Facility
666,Kitov
667,Nothing
668,4.12  Customer
669,Such Quality Inspection
670,Herein  Customer
671,Periodic Quality Compliance
672,Representative
673,Such  Book
674,Calm
675,30  Day
676,Third  Party
677,However Observation Acces
678,Confidentiality Obligation
679,Monitoring
680,Other Auditing Party
681,Audited Party
682,Report
683,Sublicensee
684,More
685,Audit Report
686,Rise
687,Siga
688,Authorized  Right
689,Cht
690,Assistance
691,Calendar Year Foregoing Limit
692,Overcharge
693,Confidential
694,Result
695,Relevant Constellation Record
696,Also  Integrity
697,Tsa Record
698,Reviewing  Party
699,Such  Acces
700,Dispute
701,Rghl
702,Custodian
703,Servicer Acces
704,Depositor
705,Disruption
706,Manufacturing
707,Frequency
708,One  Audit
709,Premise
710,Such  Premise
711,Certified Auditing Public
712,Accounting Firm
713,12  Month
714,I Escrow
715,Immediately  Cost
716,Theright
717,Thereafter  Verticalnet
718,Reasonable Advance Notice
719,About  Right
720,About  Ebix
721,Months  Payment
722,6  Verticalnet
723,Auditing Right
724,Nettaxi
725,Business Hours Business Amount
726,- Billing Party
727,Months  Party
728,Mbe
729,Also  Company
730,Detailed Quality Audit
731,Period
732,Periodic Accuracy Ofpayment
733,A.  Party
734,Applicable Product Suite Sale
735,Then  Quarterlyreport
736,Then  Payor
737,15  Day
738,Then  Thepayor
739,Deficiency
740,Marketing Marketing
741,Marketing Affiliate’Sphysical Location
742,Affiliate
743,Officesduringnormal Business Hour
744,Free  Acces
745,Csa
746,Payable  Method
747,Royalty
748,Full  Cost
749,Wpd
750,Respective  Affiliate
751,Reasonably  Accuracy
752,Abbvie
753,Licensed Equipment
754,Also  Liquidmetal
755,Orderly Storage Bookkeeping
756,Preparation
757,Quality Oversight Inspection
758,Executive Officer
759,Financial  Condition
760,Scheduled  Sekisui
761,Related  Record
762,Hswi
763,Discrepancy
764,Other  Work
765,Recent  Audit
766,Public  Accountant
767,Fiscal Year Fiscal Audit
768,Inspection
769,Underpayment
770,Violation
771,Ongoing  Right
772,Properly Proprietary Mark
773,Monthly  Statement
774,Examination
775,Also  U
776,Client
777,Relevant  Record
778,Customer Grant
779,Independent  Book
780,Appropriate License Fee
781,Premier  Right
782,Pretzeltime
783,Such  Inspection
784,Auditdisclosed  Anunderstatementof
785,Ten Thousand Ten Dollar
786,Unit
787,Designated  Right
788,Intermittent Pretzel Time
789,Necessary;C
790,Productremoval
791,Customerstoparticipatein
792,Original  Book
793,Information System
794,Also  Right
795,2  You
796,Reasonable  Acces
797,Servicer
798,Appropriate  Book
799,Sub Advisor
800,Proper  Record
801,Adviser
802,Administrator
803,Smith
804,Transaction
805,Iso
806,Servicers  Employee
807,Directly  Servicer
808,Independent Certified Public Accountant
809,Auditright
810,Morethan
811,Ofthis Agreement
812,Ivillage Traffic
813,Fmm
814,Prior Noticeto Sponsor
815,Case Sponsor
816,Physically  Document
817,Thecontractor
818,Bsp
819,Also  Supplier
820,Nice
821,Toconduct
822,Unduedisruption
823,Nice Andits Designee
824,Shp
825,Third Party Review
826,One  Copy
827,Jurisdiction
828,Authorized  Representative
829,Process Audit
830,Ibm Shalladvise Msl
831,Opportunityto  Comment
832,Writtendocumentation
833,Regularly Software Installation Location
834,Such  Team
835,Asapplicable  License
836,Msl
837,Preceding  Audit
838,Materialdiscrepancy
839,Ibm Personnel
840,Hsn
841,E.Piphany
842,Frequently  Hsn
843,Medianet
844,Member Provider
845,Repairer Management
846,Notice
847,Confidential  Audit
848,Performance
849,S Supplier
850,Personnel
851,External Information Security Program
852,Likewise  Bank
853,Herein  Cbc
854,Mediwound
855,Payment
856,Les
857,Duly  Agent
858,Facility Audit
859,Applicable  Miltenyi
860,Previous  Audit
861,Overpayment
862,Written Confidentiality Agreement
863,Dd
864,Also  Record
865,Thereafter  Google
866,Gocall
867,Joint Venture Book
868,Governmental  That
869,Applicable Janssen
870,Auditor
871,However  Verification
872,Such Verification Examination
873,37  38)All
874,Obligation
875,Facility
876,Hereof  Audit
877,Payment Obligation
878,Such  Material
879,Accountant
880,Such  Auditor
881,Financial  Report
882,Financial Joint Venture Statement
883,Annual  Statement
884,However Registration That
885,Due  Diligence
886,Energou
887,Certified  Auditor
888,Mil  Minda
889,Right  Impco
890,Quarter  Quarter
891,Conduct
892,Such Monitoring Visit
893,Also  Adaptimmune
894,Reasonably  Effort
895,Edge
896,Opportunity
897,Hoc Entity
898,Imedicor
899,Intricon
900,Reasonable  Objection
901,Lbio
902,Audited  Party
903,Interference
904,Financial
905,Cardax
906,Regulatory  Requirement
907,Reasonable Confidentiality Agreement
908,Good Faith Effort
909,Cof
910,Cere
911,Independent  Auditor
912,Member
913,Purchaser
914,Manufacture
915,Authorized Tripath Representative
916,Alfa Aesar
917,Warehouse
918,Then  Company
919,Ono
920,Such Inspection Right
921,Standing
922,7.4
923,Foregoing Audit Right
924,Personal Airsopure Residence
925,Unrestricted Franchised Restaurant
926,When  Franchisee
927,Theinspectionsshall
928,First
929,Thefranchiseeshall
930,Full  Disclosure
931,Reasonable  Right
932,Co - Host
933,Appropriate  Accountingrecord
934,Inadequate Record Keeping
935,Andshall
936,Reimbursechangepoint
937,Establishment
938,Apollo
939,Columbia Qa
940,Regulatory Inspection
941,Manufacturing Record
942,Functional  Test
943,Emv
944,Inspector
945,Such  Product
946,Magenta
947,Product Release
948,Supporting  Documentation
949,Whereby  Sono
950,Subject
951,Such Iac Vendor
952,Relevant  Document
953,20  21)Owner
954,Appropriate Accounting Record
955,Supplycontractshallafford  Designatedrepresentativesreasonableright
956,Rightto
957,Party Book
958,Ii  D2
959,Only  Record
960,Pg
961,Entire  Cost
962,Applicable  Book
963,Hemispherx
964,Scien
965,Operating Quality Control Procedure
966,General  Review
967,20 Business Day
968,Retention Period
969,Steering Agent
970,Remarketing Agent
971,Schedule
972,Routine  Report
973,Auditfind
974,Reasonably  Fee
975,Detto
976,Physical Set Up
977,Pivx
978,Such  Deficiency
979,Location
980,Pnc
981,Good Faith Reason
982,Also  Book
983,Legitimate  Concern
984,Annual  Audit
985,Fusion
986,Cpdc
987,Therein;  >
988,Financial  Record
989,Intersect
990,Lot
991,Calculation
992,Thereafter  Sutrovax
993,Site Audit
994,5.1.6
995,Implementation
996,16  Foregoing
997,Sutrovax
998,Then  Vericel
999,Oneemployee
1000,Right  Toconduct
1001,Orthe Inspection
1002,Publisher
1003,Site
1004,Reasonable Business Hour
1005,Purpose
1006,Purported  Assignment
1007,Otherwise  Any
1008,Attempt
1009,Theother  Party
1010,Death
1011,Eight 8) Week
1012,License
1013,Below  Musclepharm
1014,Attempted  Assignment
1015,Such  Party
1016,Otherwise  Agreement
1017,Exxonmobil
1018,License  Transfer
1019,Duty
1020,Such Affiliated Company
1021,Assigning Party
1022,Assignment
1023,Consent
1024,Article Viii
1025,Village Media Company
1026,Other  Assignment
1027,Financially  Obligation
1028,Respective  Assign
1029,Programmer
1030,Only  Supplier
1031,Unreasonably  Merger
1032,Comparable  Assignment
1033,Sublicense
1034,Consent  Transfer
1035,Freely  Right
1036,Transfer
1037,Licensed  User
1038,Acsi
1039,Herein  <
1040,Herein  Party
1041,Attemptto
1042,However  Verticalnet
1043,However  Party
1044,Neithernettaxiorspinrecords.Com
1045,Otherwise  All
1046,Expressly  Obligation
1047,Attemptedassignment
1048,Licensed Mark
1049,15.2.9
1050,Mutatis Mutandi
1051,I  Sale
1052,Freely  Any
1053,Following  Event
1054,Default
1055,Dr. Murray
1056,Unique  Qualification
1057,Unreasonably  Party
1058,Unauthorized  Assignment
1059,Third  License
1060,However  Liquidmetal
1061,However  Licensor
1062,Hereto  Party
1063,Written  Consent
1064,Acquired  Party
1065,Unreasonably  Sekisui
1066,Force
1067,Third Party Contractor
1068,Papa John
1069,-
1070,Only  Abg
1071,Approval Therefor
1072,However  Premier
1073,Respective  Right
1074,Portion
1075,Consented  Assignment
1076,Accordingly  Franchisee
1077,Power
1078,Lmg
1079,Directly  Transfer
1080,Guaranty
1081,Respective  Chapter
1082,Interest
1083,Cro
1084,Hereto  It
1085,Hereto Collateral Assignment
1086,Service Recipient
1087,Hereof Subject Tda
1088,Affiliated  Parent
1089,Herein  Iso
1090,Theassigning  Party
1091,Long  Assignment
1092,Thethird Party
1093,I  Company
1094,And(B
1095,Further  Assignee
1096,Financial  Capital
1097,Freely  Agreement
1098,Anyright
1099,Anyattempted Assignment
1100,Hereto  Right
1101,Mcdatum
1102,Nat
1103,Written Withoutmedianet Group Consent
1104,Consequently  Agreement
1105,12.2  Party
1106,Termination
1107,Totally  Contract
1108,Assignee
1109,Financial  Capacity
1110,Crude
1111,However  Right
1112,Assign
1113,Otherwise  Shipper
1114,Beforehand Party B
1115,Cooperation Busines
1116,Breaching  Liability
1117,Only  Activity
1118,Below Nantz Communication
1119,Other   Party
1120,Otherwise  Affiliate
1121,However  Janssen
1122,Title
1123,King
1124,Franchise
1125,Area
1126,Legal  Which
1127,Directly  Interest
1128,Material  Breach
1129,Such  Interest
1130,Disposition
1131,B  Termination
1132,Limited Power
1133,Respective  Successor
1134,Nvo
1135,Unreasonably  Consent
1136,Such  Conduct
1137,Agency
1138,Assignment  Transfer
1139,Dynamic  Hearing
1140,Otherwise  Consultant
1141,Benefit
1142,Unauthorized  Attempt
1143,One  Subcontractor
1144,None
1145,Legal  Assign
1146,Whole
1147,However  Cere
1148,Neither
1149,Attempted  Transfer
1150,Ip Agreement
1151,Applicable Seller Party
1152,Licensed  Ip
1153,2.1(D  Purchaser
1154,Applicable Purchaser Assignee
1155,However  Agreement
1156,Omitted Alliance Agreement
1157,Other  Assignmentby
1158,"Intheeventeitherparty(A)Becomesadjudicated Insolvent,(B"
1159,Itsbusiness Asset
1160,Shipper
1161,Adams Golf
1162,Ki  Inc.May
1163,Tpc
1164,Consolidated Right
1165,Mortgage  Pledge
1166,Noprincipalshalldirectlyor
1167,Legal Orbeneficialequity Interest
1168,17.1(K).If  Bkc
1169,Further  That
1170,Proposed New Owner
1171,Together  Transfer
1172,Initial Training Program;(D
1173,Installment Payment
1174,Equipment
1175,Properly  Opportunity
1176,However  Assignment
1177,Host
1178,Assignment Inviolation
1179,However  Apollo
1180,First  Approval
1181,Owner Shallnot
1182,Licensed  Program
1183,License Right
1184,Sparkling
1185,Omitted>(C)Not  Agreement
1186,Pledge
1187,Assigningparty
1188,Groupmaydecidethat Theassigningpartywill Notremainjointlyandseverallyliablewiththeassigneefortheperformanceofthisagreement
1189,Thewhole
1190,Rights Orobligation
1191,Otherwise  Party
1192,10.6  Monsanto
1193,Such  Assignee
1194,11.8  >
1195,20.2  Party
1196,Competing  Product
1197,Below  Agreement
1198,Agreement Otherthan
1199,22  Party
1200,Unreasonably  Ticket
1201,Unreasonably  Reseller
1202,Diversinet
1203,Agreement Atany Agreement Time
1204,Attempted Assignment Inviolation
1205,Supply Agreement
1206,Development Agreement
1207,In  Orasset
1208,"15,000).The Option"
1209,Fifteen Thousand
1210,Third Party Acces
1211,Of  Asset
